fecha,Energia
2004-10-01,254046
2004-10-02,318280
2004-10-03,293620
2004-10-04,333971
2004-10-05,347423
2004-10-06,347392
2004-10-07,345767
2004-10-08,346574
2004-10-09,316377
2004-10-10,294234
2004-10-11,334600
2004-10-12,350135
2004-10-13,346924
2004-10-14,347678
2004-10-15,349669
2004-10-16,331313
2004-10-17,315488
2004-10-18,359224
2004-10-19,359019
2004-10-20,349054
2004-10-21,345577
2004-10-22,346405
2004-10-23,322619
2004-10-24,299515
2004-10-25,338443
2004-10-26,351095
2004-10-27,347715
2004-10-28,345087
2004-10-29,343618
2004-10-30,316771
2004-10-31,283428
2004-11-01,334364
2004-11-02,349216
2004-11-03,350551
2004-11-04,358972
2004-11-05,360374
2004-11-06,342040
2004-11-07,310534
2004-11-08,348778
2004-11-09,389028
2004-11-10,389473
2004-11-11,374823
2004-11-12,375301
2004-11-13,351331
2004-11-14,344983
2004-11-15,380353
2004-11-16,381070
2004-11-17,370384
2004-11-18,364025
2004-11-19,358041
2004-11-20,326020
2004-11-21,308507
2004-11-22,349416
2004-11-23,358737
2004-11-24,358240
2004-11-25,324751
2004-11-26,342727
2004-11-27,339188
2004-11-28,334242
2004-11-29,389834
2004-11-30,392902
2004-12-01,385202
2004-12-02,407085
2004-12-03,400473
2004-12-04,381621
2004-12-05,350441
2004-12-06,377989
2004-12-07,372853
2004-12-08,370336
2004-12-09,395896
2004-12-10,379946
2004-12-11,370254
2004-12-12,367503
2004-12-13,407855
2004-12-14,447946
2004-12-15,450574
2004-12-16,448213
2004-12-17,419014
2004-12-18,405215
2004-12-19,395536
2004-12-20,495289
2004-12-21,463358
2004-12-22,418208
2004-12-23,394912
2004-12-24,398033
2004-12-25,397907
2004-12-26,379267
2004-12-27,430700
2004-12-28,442654
2004-12-29,396865
2004-12-30,370674
2004-12-31,346848
2005-01-01,313052
2005-01-02,319702
2005-01-03,355707
2005-01-04,371457
2005-01-05,388083
2005-01-06,375413
2005-01-07,390648
2005-01-08,368156
2005-01-09,349862
2005-01-10,383022
2005-01-11,395327
2005-01-12,373940
2005-01-13,358066
2005-01-14,391686
2005-01-15,402214
2005-01-16,393913
2005-01-17,465169
2005-01-18,499561
2005-01-19,487284
2005-01-20,447055
2005-01-21,454607
2005-01-22,440704
2005-01-23,456685
2005-01-24,497811
2005-01-25,448777
2005-01-26,422158
2005-01-27,448897
2005-01-28,474895
2005-01-29,430355
2005-01-30,388827
2005-01-31,421263
2005-02-01,425814
2005-02-02,437883
2005-02-03,412802
2005-02-04,414629
2005-02-05,382111
2005-02-06,352272
2005-02-07,376797
2005-02-08,382846
2005-02-09,382498
2005-02-10,414783
2005-02-11,447034
2005-02-12,389282
2005-02-13,359547
2005-02-14,383187
2005-02-15,379967
2005-02-16,380832
2005-02-17,415115
2005-02-18,434605
2005-02-19,407328
2005-02-20,369066
2005-02-21,379597
2005-02-22,386055
2005-02-23,390164
2005-02-24,414341
2005-02-25,420574
2005-02-26,383017
2005-02-27,366348
2005-02-28,397945
2005-03-01,434556
2005-03-02,448169
2005-03-03,438039
2005-03-04,431936
2005-03-05,375984
2005-03-06,348357
2005-03-07,362378
2005-03-08,403796
2005-03-09,434336
2005-03-10,423001
2005-03-11,410115
2005-03-12,388984
2005-03-13,358170
2005-03-14,393980
2005-03-15,399998
2005-03-16,398972
2005-03-17,397465
2005-03-18,387154
2005-03-19,355121
2005-03-20,334608
2005-03-21,374592
2005-03-22,384701
2005-03-23,378193
2005-03-24,385408
2005-03-25,362952
2005-03-26,332076
2005-03-27,315677
2005-03-28,350760
2005-03-29,362744
2005-03-30,351491
2005-03-31,340075
2005-04-01,347446
2005-04-02,346920
2005-04-03,325007
2005-04-04,347524
2005-04-05,346334
2005-04-06,337384
2005-04-07,338827
2005-04-08,338807
2005-04-09,310732
2005-04-10,287064
2005-04-11,321700
2005-04-12,334258
2005-04-13,346668
2005-04-14,349570
2005-04-15,341634
2005-04-16,315077
2005-04-17,295497
2005-04-18,329450
2005-04-19,344866
2005-04-20,347214
2005-04-21,338556
2005-04-22,340818
2005-04-23,331851
2005-04-24,351514
2005-04-25,363957
2005-04-26,349808
2005-04-27,348728
2005-04-28,352478
2005-04-29,348291
2005-04-30,319608
2005-05-01,300637
2005-05-02,343896
2005-05-03,364144
2005-05-04,358402
2005-05-05,348903
2005-05-06,341598
2005-05-07,311069
2005-05-08,287470
2005-05-09,331340
2005-05-10,352914
2005-05-11,363200
2005-05-12,354401
2005-05-13,346464
2005-05-14,318662
2005-05-15,287932
2005-05-16,324354
2005-05-17,341502
2005-05-18,340974
2005-05-19,344455
2005-05-20,339674
2005-05-21,306850
2005-05-22,287230
2005-05-23,326598
2005-05-24,337627
2005-05-25,337256
2005-05-26,342151
2005-05-27,338888
2005-05-28,298817
2005-05-29,279006
2005-05-30,282150
2005-05-31,332062
2005-06-01,347945
2005-06-02,345565
2005-06-03,345905
2005-06-04,337389
2005-06-05,349513
2005-06-06,404837
2005-06-07,419013
2005-06-08,430367
2005-06-09,429953
2005-06-10,441425
2005-06-11,395711
2005-06-12,361735
2005-06-13,411208
2005-06-14,431802
2005-06-15,396731
2005-06-16,367477
2005-06-17,353321
2005-06-18,320116
2005-06-19,305149
2005-06-20,350899
2005-06-21,379855
2005-06-22,398223
2005-06-23,399125
2005-06-24,417929
2005-06-25,409766
2005-06-26,391136
2005-06-27,439581
2005-06-28,439755
2005-06-29,430236
2005-06-30,434088
2005-07-01,410213
2005-07-02,350446
2005-07-03,328522
2005-07-04,357453
2005-07-05,385374
2005-07-06,387667
2005-07-07,379876
2005-07-08,374944
2005-07-09,358467
2005-07-10,355312
2005-07-11,404655
2005-07-12,442727
2005-07-13,432308
2005-07-14,414439
2005-07-15,425478
2005-07-16,407740
2005-07-17,382960
2005-07-18,436148
2005-07-19,447244
2005-07-20,441273
2005-07-21,456138
2005-07-22,449931
2005-07-23,413011
2005-07-24,386530
2005-07-25,463802
2005-07-26,469896
2005-07-27,450338
2005-07-28,395123
2005-07-29,397841
2005-07-30,375011
2005-07-31,367890
2005-08-01,422182
2005-08-02,454249
2005-08-03,463447
2005-08-04,463633
2005-08-05,448021
2005-08-06,392406
2005-08-07,368160
2005-08-08,415568
2005-08-09,431424
2005-08-10,447830
2005-08-11,446906
2005-08-12,455137
2005-08-13,439761
2005-08-14,391398
2005-08-15,412090
2005-08-16,413994
2005-08-17,411654
2005-08-18,419627
2005-08-19,433687
2005-08-20,426603
2005-08-21,394743
2005-08-22,395624
2005-08-23,386023
2005-08-24,379418
2005-08-25,394012
2005-08-26,402527
2005-08-27,369816
2005-08-28,356970
2005-08-29,396720
2005-08-30,400613
2005-08-31,402309
2005-09-01,393144
2005-09-02,393535
2005-09-03,342233
2005-09-04,316217
2005-09-05,311779
2005-09-06,363923
2005-09-07,382731
2005-09-08,388100
2005-09-09,394511
2005-09-10,370389
2005-09-11,348709
2005-09-12,389514
2005-09-13,406914
2005-09-14,408401
2005-09-15,402455
2005-09-16,397069
2005-09-17,343907
2005-09-18,323077
2005-09-19,365151
2005-09-20,388001
2005-09-21,379076
2005-09-22,390208
2005-09-23,397189
2005-09-24,348008
2005-09-25,338376
2005-09-26,372954
2005-09-27,362321
2005-09-28,355777
2005-09-29,356396
2005-09-30,337465
2005-10-01,310935
2005-10-02,307968
2005-10-03,365887
2005-10-04,379464
2005-10-05,378818
2005-10-06,378257
2005-10-07,361193
2005-10-08,319639
2005-10-09,296601
2005-10-10,333570
2005-10-11,346259
2005-10-12,347615
2005-10-13,347211
2005-10-14,345036
2005-10-15,312818
2005-10-16,290885
2005-10-17,332366
2005-10-18,345481
2005-10-19,345962
2005-10-20,348808
2005-10-21,351957
2005-10-22,322508
2005-10-23,309110
2005-10-24,351406
2005-10-25,384220
2005-10-26,378463
2005-10-27,381186
2005-10-28,374798
2005-10-29,356124
2005-10-30,319023
2005-10-31,355900
2005-11-01,360717
2005-11-02,359458
2005-11-03,366482
2005-11-04,355437
2005-11-05,321363
2005-11-06,297402
2005-11-07,342261
2005-11-08,360477
2005-11-09,352461
2005-11-10,358070
2005-11-11,380818
2005-11-12,347697
2005-11-13,317425
2005-11-14,344259
2005-11-15,358052
2005-11-16,361286
2005-11-17,407826
2005-11-18,429338
2005-11-19,384941
2005-11-20,338880
2005-11-21,372152
2005-11-22,397077
2005-11-23,423190
2005-11-24,359929
2005-11-25,381135
2005-11-26,376303
2005-11-27,342307
2005-11-28,359242
2005-11-29,364424
2005-11-30,402753
2005-12-01,430422
2005-12-02,434591
2005-12-03,422145
2005-12-04,381274
2005-12-05,424216
2005-12-06,452480
2005-12-07,456491
2005-12-08,469529
2005-12-09,453969
2005-12-10,434174
2005-12-11,399592
2005-12-12,431646
2005-12-13,456147
2005-12-14,467822
2005-12-15,452944
2005-12-16,436802
2005-12-17,420378
2005-12-18,399843
2005-12-19,447998
2005-12-20,490009
2005-12-21,472296
2005-12-22,462576
2005-12-23,421895
2005-12-24,364633
2005-12-25,330825
2005-12-26,356554
2005-12-27,390435
2005-12-28,382465
2005-12-29,380605
2005-12-30,384758
2005-12-31,362967
2006-01-01,349908
2006-01-02,357416
2006-01-03,381582
2006-01-04,390590
2006-01-05,402381
2006-01-06,429322
2006-01-07,415271
2006-01-08,376943
2006-01-09,380215
2006-01-10,399068
2006-01-11,387345
2006-01-12,399534
2006-01-13,390828
2006-01-14,388001
2006-01-15,389082
2006-01-16,408181
2006-01-17,400904
2006-01-18,423701
2006-01-19,427149
2006-01-20,388088
2006-01-21,356617
2006-01-22,367681
2006-01-23,397063
2006-01-24,411118
2006-01-25,424363
2006-01-26,433905
2006-01-27,431464
2006-01-28,369160
2006-01-29,335286
2006-01-30,373444
2006-01-31,408368
2006-02-01,416130
2006-02-02,400865
2006-02-03,385338
2006-02-04,373438
2006-02-05,397957
2006-02-06,431121
2006-02-07,438215
2006-02-08,435860
2006-02-09,445317
2006-02-10,442802
2006-02-11,402660
2006-02-12,395649
2006-02-13,442982
2006-02-14,439648
2006-02-15,408006
2006-02-16,387670
2006-02-17,384807
2006-02-18,416999
2006-02-19,437102
2006-02-20,438880
2006-02-21,427433
2006-02-22,418133
2006-02-23,401064
2006-02-24,410209
2006-02-25,379332
2006-02-26,377658
2006-02-27,432569
2006-02-28,408409
2006-03-01,390979
2006-03-02,382136
2006-03-03,410487
2006-03-04,403899
2006-03-05,375193
2006-03-06,400838
2006-03-07,415378
2006-03-08,409989
2006-03-09,384276
2006-03-10,364770
2006-03-11,343561
2006-03-12,311911
2006-03-13,344458
2006-03-14,372939
2006-03-15,398586
2006-03-16,390383
2006-03-17,383605
2006-03-18,372426
2006-03-19,357386
2006-03-20,398594
2006-03-21,426375
2006-03-22,428725
2006-03-23,414345
2006-03-24,396348
2006-03-25,379691
2006-03-26,361189
2006-03-27,391454
2006-03-28,383872
2006-03-29,375926
2006-03-30,371711
2006-03-31,351784
2006-04-01,317325
2006-04-02,291892
2006-04-03,338275
2006-04-04,372404
2006-04-05,365879
2006-04-06,363257
2006-04-07,351999
2006-04-08,324379
2006-04-09,324852
2006-04-10,354354
2006-04-11,354529
2006-04-12,346426
2006-04-13,346047
2006-04-14,324613
2006-04-15,306980
2006-04-16,291704
2006-04-17,322270
2006-04-18,344664
2006-04-19,339645
2006-04-20,342516
2006-04-21,343506
2006-04-22,316559
2006-04-23,294942
2006-04-24,334087
2006-04-25,350401
2006-04-26,356238
2006-04-27,350440
2006-04-28,344453
2006-04-29,312709
2006-04-30,294635
2006-05-01,334462
2006-05-02,346701
2006-05-03,347418
2006-05-04,353199
2006-05-05,346905
2006-05-06,312217
2006-05-07,295445
2006-05-08,338246
2006-05-09,348275
2006-05-10,351040
2006-05-11,353126
2006-05-12,353112
2006-05-13,320055
2006-05-14,297364
2006-05-15,340713
2006-05-16,358443
2006-05-17,350660
2006-05-18,349084
2006-05-19,351609
2006-05-20,315776
2006-05-21,298577
2006-05-22,337880
2006-05-23,350606
2006-05-24,351018
2006-05-25,358747
2006-05-26,363906
2006-05-27,330576
2006-05-28,336594
2006-05-29,362314
2006-05-30,422394
2006-05-31,438549
2006-06-01,422756
2006-06-02,391644
2006-06-03,333172
2006-06-04,309836
2006-06-05,344926
2006-06-06,370326
2006-06-07,379283
2006-06-08,380024
2006-06-09,376748
2006-06-10,330631
2006-06-11,299631
2006-06-12,342548
2006-06-13,358688
2006-06-14,369288
2006-06-15,371930
2006-06-16,386621
2006-06-17,381739
2006-06-18,382646
2006-06-19,408036
2006-06-20,403287
2006-06-21,402969
2006-06-22,435372
2006-06-23,403900
2006-06-24,363097
2006-06-25,343245
2006-06-26,376933
2006-06-27,397488
2006-06-28,402710
2006-06-29,385668
2006-06-30,377924
2006-07-01,357114
2006-07-02,375039
2006-07-03,381388
2006-07-04,363675
2006-07-05,363157
2006-07-06,350819
2006-07-07,352066
2006-07-08,339190
2006-07-09,334340
2006-07-10,397293
2006-07-11,414496
2006-07-12,416410
2006-07-13,430994
2006-07-14,439165
2006-07-15,413903
2006-07-16,408822
2006-07-17,457072
2006-07-18,469436
2006-07-19,457060
2006-07-20,463387
2006-07-21,450920
2006-07-22,390013
2006-07-23,347003
2006-07-24,398172
2006-07-25,433477
2006-07-26,440474
2006-07-27,445956
2006-07-28,437789
2006-07-29,410038
2006-07-30,411251
2006-07-31,470784
2006-08-01,504301
2006-08-02,508903
2006-08-03,495606
2006-08-04,452376
2006-08-05,407091
2006-08-06,391820
2006-08-07,454338
2006-08-08,444701
2006-08-09,422083
2006-08-10,432674
2006-08-11,413756
2006-08-12,354602
2006-08-13,338773
2006-08-14,405007
2006-08-15,422007
2006-08-16,411095
2006-08-17,419431
2006-08-18,428638
2006-08-19,405404
2006-08-20,367997
2006-08-21,389585
2006-08-22,409383
2006-08-23,413329
2006-08-24,416932
2006-08-25,426526
2006-08-26,406397
2006-08-27,388121
2006-08-28,421726
2006-08-29,427195
2006-08-30,409261
2006-08-31,389067
2006-09-01,362820
2006-09-02,313392
2006-09-03,296830
2006-09-04,301603
2006-09-05,347272
2006-09-06,364553
2006-09-07,374041
2006-09-08,379345
2006-09-09,352712
2006-09-10,329098
2006-09-11,362628
2006-09-12,375380
2006-09-13,368162
2006-09-14,360892
2006-09-15,357464
2006-09-16,325552
2006-09-17,318045
2006-09-18,369447
2006-09-19,369301
2006-09-20,348532
2006-09-21,351952
2006-09-22,348964
2006-09-23,327266
2006-09-24,311335
2006-09-25,338007
2006-09-26,349959
2006-09-27,349698
2006-09-28,350376
2006-09-29,343891
2006-09-30,317184
2006-10-01,295611
2006-10-02,339659
2006-10-03,360560
2006-10-04,375621
2006-10-05,362860
2006-10-06,352070
2006-10-07,325664
2006-10-08,305084
2006-10-09,339447
2006-10-10,347961
2006-10-11,349670
2006-10-12,352514
2006-10-13,377610
2006-10-14,346929
2006-10-15,330703
2006-10-16,358420
2006-10-17,371393
2006-10-18,353935
2006-10-19,355196
2006-10-20,359779
2006-10-21,339616
2006-10-22,322855
2006-10-23,380202
2006-10-24,408410
2006-10-25,398868
2006-10-26,399605
2006-10-27,388847
2006-10-28,349187
2006-10-29,321748
2006-10-30,362357
2006-10-31,359370
2006-11-01,359279
2006-11-02,383802
2006-11-03,412852
2006-11-04,395845
2006-11-05,353127
2006-11-06,370292
2006-11-07,378696
2006-11-08,368795
2006-11-09,363799
2006-11-10,361271
2006-11-11,333668
2006-11-12,342684
2006-11-13,386242
2006-11-14,390631
2006-11-15,396767
2006-11-16,374776
2006-11-17,385359
2006-11-18,365901
2006-11-19,349374
2006-11-20,395921
2006-11-21,413432
2006-11-22,403932
2006-11-23,348328
2006-11-24,324420
2006-11-25,332726
2006-11-26,327242
2006-11-27,366301
2006-11-28,380332
2006-11-29,369523
2006-11-30,365923
2006-12-01,370534
2006-12-02,377679
2006-12-03,378675
2006-12-04,440695
2006-12-05,451037
2006-12-06,440916
2006-12-07,432034
2006-12-08,484992
2006-12-09,447642
2006-12-10,396327
2006-12-11,404700
2006-12-12,413231
2006-12-13,388617
2006-12-14,399613
2006-12-15,390168
2006-12-16,375584
2006-12-17,348675
2006-12-18,371891
2006-12-19,394945
2006-12-20,422567
2006-12-21,406089
2006-12-22,380267
2006-12-23,346316
2006-12-24,339484
2006-12-25,330589
2006-12-26,349268
2006-12-27,389728
2006-12-28,395962
2006-12-29,377890
2006-12-30,360165
2006-12-31,336130
2007-01-01,323465
2007-01-02,380477
2007-01-03,415211
2007-01-04,405265
2007-01-05,376228
2007-01-06,339717
2007-01-07,351462
2007-01-08,387868
2007-01-09,429036
2007-01-10,445637
2007-01-11,450050
2007-01-12,411313
2007-01-13,361770
2007-01-14,342273
2007-01-15,371627
2007-01-16,411870
2007-01-17,452590
2007-01-18,451475
2007-01-19,432969
2007-01-20,419948
2007-01-21,413511
2007-01-22,427168
2007-01-23,440077
2007-01-24,447165
2007-01-25,451824
2007-01-26,470893
2007-01-27,406887
2007-01-28,393967
2007-01-29,488070
2007-01-30,472247
2007-01-31,487836
2007-02-01,469535
2007-02-02,454211
2007-02-03,463711
2007-02-04,462032
2007-02-05,512850
2007-02-06,547924
2007-02-07,499256
2007-02-08,506968
2007-02-09,508922
2007-02-10,475580
2007-02-11,463641
2007-02-12,460770
2007-02-13,460924
2007-02-14,469175
2007-02-15,508297
2007-02-16,512245
2007-02-17,482982
2007-02-18,439716
2007-02-19,478340
2007-02-20,428626
2007-02-21,410989
2007-02-22,414980
2007-02-23,433883
2007-02-24,422310
2007-02-25,383771
2007-02-26,408300
2007-02-27,421287
2007-02-28,424110
2007-03-01,415933
2007-03-02,398815
2007-03-03,384967
2007-03-04,403982
2007-03-05,439213
2007-03-06,445180
2007-03-07,434407
2007-03-08,429977
2007-03-09,411379
2007-03-10,357599
2007-03-11,328671
2007-03-12,389173
2007-03-13,377976
2007-03-14,360949
2007-03-15,378766
2007-03-16,414741
2007-03-17,416716
2007-03-18,392336
2007-03-19,422966
2007-03-20,389180
2007-03-21,387620
2007-03-22,370075
2007-03-23,367354
2007-03-24,336535
2007-03-25,313988
2007-03-26,350720
2007-03-27,362880
2007-03-28,362299
2007-03-29,365155
2007-03-30,365173
2007-03-31,329069
2007-04-01,308528
2007-04-02,340652
2007-04-03,355268
2007-04-04,359936
2007-04-05,406214
2007-04-06,396321
2007-04-07,393552
2007-04-08,382645
2007-04-09,397022
2007-04-10,404869
2007-04-11,393735
2007-04-12,392568
2007-04-13,395951
2007-04-14,361855
2007-04-15,354209
2007-04-16,393098
2007-04-17,382351
2007-04-18,366119
2007-04-19,368890
2007-04-20,366920
2007-04-21,330006
2007-04-22,306697
2007-04-23,343368
2007-04-24,352561
2007-04-25,358497
2007-04-26,360199
2007-04-27,350565
2007-04-28,324363
2007-04-29,304382
2007-04-30,348788
2007-05-01,372886
2007-05-02,371990
2007-05-03,357275
2007-05-04,356292
2007-05-05,326054
2007-05-06,304603
2007-05-07,347361
2007-05-08,363002
2007-05-09,374002
2007-05-10,389094
2007-05-11,391083
2007-05-12,354543
2007-05-13,312882
2007-05-14,345393
2007-05-15,378094
2007-05-16,374836
2007-05-17,352556
2007-05-18,353222
2007-05-19,327849
2007-05-20,309990
2007-05-21,353027
2007-05-22,382760
2007-05-23,399607
2007-05-24,409059
2007-05-25,406287
2007-05-26,358187
2007-05-27,339528
2007-05-28,338951
2007-05-29,393598
2007-05-30,426693
2007-05-31,434700
2007-06-01,426572
2007-06-02,396475
2007-06-03,355692
2007-06-04,379039
2007-06-05,376000
2007-06-06,368261
2007-06-07,401758
2007-06-08,457619
2007-06-09,376801
2007-06-10,340273
2007-06-11,383414
2007-06-12,406398
2007-06-13,422087
2007-06-14,424880
2007-06-15,411558
2007-06-16,380246
2007-06-17,379836
2007-06-18,448891
2007-06-19,462305
2007-06-20,416315
2007-06-21,412256
2007-06-22,407960
2007-06-23,355917
2007-06-24,338967
2007-06-25,409031
2007-06-26,462999
2007-06-27,473531
2007-06-28,451473
2007-06-29,409076
2007-06-30,363429
2007-07-01,342614
2007-07-02,360130
2007-07-03,377215
2007-07-04,361432
2007-07-05,386543
2007-07-06,406097
2007-07-07,392062
2007-07-08,397110
2007-07-09,463064
2007-07-10,471594
2007-07-11,439438
2007-07-12,406725
2007-07-13,390014
2007-07-14,366199
2007-07-15,374795
2007-07-16,410824
2007-07-17,431162
2007-07-18,434497
2007-07-19,443294
2007-07-20,403371
2007-07-21,354362
2007-07-22,335315
2007-07-23,379244
2007-07-24,390998
2007-07-25,388474
2007-07-26,401234
2007-07-27,417334
2007-07-28,391876
2007-07-29,384029
2007-07-30,434294
2007-07-31,452725
2007-08-01,467591
2007-08-02,477399
2007-08-03,477913
2007-08-04,438126
2007-08-05,396226
2007-08-06,451594
2007-08-07,495583
2007-08-08,512284
2007-08-09,509559
2007-08-10,488861
2007-08-11,436797
2007-08-12,406515
2007-08-13,453333
2007-08-14,422973
2007-08-15,432643
2007-08-16,466588
2007-08-17,453894
2007-08-18,377026
2007-08-19,351744
2007-08-20,420361
2007-08-21,435731
2007-08-22,450846
2007-08-23,489483
2007-08-24,492839
2007-08-25,446419
2007-08-26,392351
2007-08-27,421952
2007-08-28,451756
2007-08-29,475426
2007-08-30,462667
2007-08-31,411955
2007-09-01,361096
2007-09-02,348545
2007-09-03,365783
2007-09-04,422234
2007-09-05,450083
2007-09-06,459661
2007-09-07,461263
2007-09-08,423702
2007-09-09,386259
2007-09-10,416469
2007-09-11,411992
2007-09-12,379683
2007-09-13,377950
2007-09-14,384529
2007-09-15,336811
2007-09-16,310374
2007-09-17,351394
2007-09-18,372070
2007-09-19,389536
2007-09-20,402400
2007-09-21,407669
2007-09-22,382179
2007-09-23,356612
2007-09-24,403671
2007-09-25,441919
2007-09-26,433218
2007-09-27,401337
2007-09-28,376462
2007-09-29,331166
2007-09-30,315033
2007-10-01,360652
2007-10-02,377254
2007-10-03,385546
2007-10-04,395212
2007-10-05,416329
2007-10-06,394545
2007-10-07,379062
2007-10-08,422909
2007-10-09,411310
2007-10-10,368696
2007-10-11,359599
2007-10-12,359406
2007-10-13,333766
2007-10-14,311317
2007-10-15,350459
2007-10-16,365018
2007-10-17,362792
2007-10-18,373649
2007-10-19,372808
2007-10-20,327795
2007-10-21,313350
2007-10-22,353937
2007-10-23,371425
2007-10-24,369725
2007-10-25,369692
2007-10-26,362049
2007-10-27,331629
2007-10-28,315946
2007-10-29,371812
2007-10-30,387337
2007-10-31,381679
2007-11-01,366545
2007-11-02,381915
2007-11-03,360754
2007-11-04,330990
2007-11-05,379903
2007-11-06,387318
2007-11-07,405258
2007-11-08,414659
2007-11-09,397247
2007-11-10,371241
2007-11-11,371201
2007-11-12,374649
2007-11-13,375785
2007-11-14,374987
2007-11-15,394313
2007-11-16,421853
2007-11-17,391921
2007-11-18,361066
2007-11-19,389482
2007-11-20,375431
2007-11-21,367523
2007-11-22,330075
2007-11-23,354347
2007-11-24,386872
2007-11-25,371360
2007-11-26,394591
2007-11-27,403747
2007-11-28,433114
2007-11-29,422845
2007-11-30,438379
2007-12-01,415738
2007-12-02,388172
2007-12-03,423388
2007-12-04,468543
2007-12-05,469502
2007-12-06,476627
2007-12-07,470588
2007-12-08,410863
2007-12-09,384476
2007-12-10,403596
2007-12-11,406362
2007-12-12,399041
2007-12-13,420405
2007-12-14,426720
2007-12-15,425583
2007-12-16,416654
2007-12-17,477585
2007-12-18,486533
2007-12-19,446995
2007-12-20,453008
2007-12-21,433091
2007-12-22,393013
2007-12-23,366099
2007-12-24,398823
2007-12-25,363464
2007-12-26,381645
2007-12-27,402209
2007-12-28,410425
2007-12-29,376647
2007-12-30,386401
2007-12-31,389755
2008-01-01,386565
2008-01-02,481356
2008-01-03,507923
2008-01-04,497685
2008-01-05,433549
2008-01-06,371781
2008-01-07,377293
2008-01-08,381511
2008-01-09,379244
2008-01-10,421924
2008-01-11,409554
2008-01-12,389942
2008-01-13,386673
2008-01-14,438646
2008-01-15,471696
2008-01-16,479433
2008-01-17,458530
2008-01-18,444873
2008-01-19,439494
2008-01-20,474217
2008-01-21,509604
2008-01-22,485495
2008-01-23,473743
2008-01-24,491733
2008-01-25,521463
2008-01-26,455386
2008-01-27,411760
2008-01-28,450438
2008-01-29,429513
2008-01-30,450576
2008-01-31,489807
2008-02-01,456596
2008-02-02,421002
2008-02-03,394412
2008-02-04,410249
2008-02-05,395874
2008-02-06,391848
2008-02-07,421983
2008-02-08,431671
2008-02-09,393202
2008-02-10,403535
2008-02-11,496232
2008-02-12,488553
2008-02-13,464445
2008-02-14,480292
2008-02-15,446073
2008-02-16,402452
2008-02-17,374164
2008-02-18,402644
2008-02-19,466509
2008-02-20,475938
2008-02-21,487616
2008-02-22,463509
2008-02-23,416104
2008-02-24,413284
2008-02-25,436576
2008-02-26,440922
2008-02-27,474696
2008-02-28,488896
2008-02-29,473343
2008-03-01,405391
2008-03-02,384133
2008-03-03,382023
2008-03-04,400269
2008-03-05,425986
2008-03-06,431698
2008-03-07,430873
2008-03-08,428869
2008-03-09,409434
2008-03-10,425462
2008-03-11,418574
2008-03-12,416445
2008-03-13,401406
2008-03-14,384150
2008-03-15,368120
2008-03-16,362443
2008-03-17,413718
2008-03-18,412009
2008-03-19,392233
2008-03-20,407505
2008-03-21,394364
2008-03-22,361953
2008-03-23,364305
2008-03-24,406728
2008-03-25,431389
2008-03-26,391741
2008-03-27,384059
2008-03-28,387607
2008-03-29,376193
2008-03-30,362066
2008-03-31,384546
2008-04-01,371534
2008-04-02,379947
2008-04-03,391882
2008-04-04,391064
2008-04-05,350105
2008-04-06,331671
2008-04-07,358773
2008-04-08,368486
2008-04-09,362541
2008-04-10,366644
2008-04-11,362514
2008-04-12,333088
2008-04-13,339419
2008-04-14,392375
2008-04-15,399224
2008-04-16,385504
2008-04-17,370622
2008-04-18,359438
2008-04-19,327556
2008-04-20,315640
2008-04-21,351139
2008-04-22,360369
2008-04-23,359009
2008-04-24,361667
2008-04-25,364159
2008-04-26,334838
2008-04-27,307850
2008-04-28,346426
2008-04-29,373960
2008-04-30,379094
2008-05-01,358987
2008-05-02,357019
2008-05-03,329287
2008-05-04,307964
2008-05-05,345310
2008-05-06,359300
2008-05-07,363634
2008-05-08,366628
2008-05-09,360278
2008-05-10,327753
2008-05-11,310785
2008-05-12,355880
2008-05-13,366484
2008-05-14,358314
2008-05-15,359885
2008-05-16,360859
2008-05-17,330580
2008-05-18,306923
2008-05-19,347433
2008-05-20,359400
2008-05-21,359444
2008-05-22,362176
2008-05-23,354718
2008-05-24,317570
2008-05-25,304080
2008-05-26,311788
2008-05-27,367792
2008-05-28,361662
2008-05-29,363282
2008-05-30,372670
2008-05-31,367818
2008-06-01,344607
2008-06-02,371876
2008-06-03,386221
2008-06-04,392714
2008-06-05,427554
2008-06-06,467496
2008-06-07,429828
2008-06-08,414972
2008-06-09,472906
2008-06-10,454511
2008-06-11,424184
2008-06-12,445718
2008-06-13,458000
2008-06-14,397524
2008-06-15,367985
2008-06-16,405117
2008-06-17,388714
2008-06-18,371983
2008-06-19,374746
2008-06-20,385334
2008-06-21,372121
2008-06-22,346422
2008-06-23,378793
2008-06-24,393915
2008-06-25,405406
2008-06-26,433643
2008-06-27,437680
2008-06-28,405644
2008-06-29,363619
2008-06-30,367758
2008-07-01,364762
2008-07-02,380951
2008-07-03,390637
2008-07-04,341460
2008-07-05,331453
2008-07-06,353056
2008-07-07,422580
2008-07-08,446256
2008-07-09,429884
2008-07-10,413000
2008-07-11,426013
2008-07-12,421246
2008-07-13,391871
2008-07-14,402952
2008-07-15,415862
2008-07-16,439916
2008-07-17,458897
2008-07-18,459600
2008-07-19,429419
2008-07-20,418698
2008-07-21,456438
2008-07-22,460622
2008-07-23,428521
2008-07-24,409329
2008-07-25,413773
2008-07-26,408414
2008-07-27,392920
2008-07-28,416914
2008-07-29,445912
2008-07-30,468467
2008-07-31,460773
2008-08-01,458758
2008-08-02,425842
2008-08-03,382969
2008-08-04,422598
2008-08-05,442125
2008-08-06,452072
2008-08-07,438273
2008-08-08,406839
2008-08-09,365506
2008-08-10,345144
2008-08-11,373633
2008-08-12,390855
2008-08-13,400478
2008-08-14,403734
2008-08-15,398981
2008-08-16,365603
2008-08-17,352907
2008-08-18,403389
2008-08-19,428172
2008-08-20,422168
2008-08-21,430007
2008-08-22,445774
2008-08-23,410725
2008-08-24,400602
2008-08-25,419031
2008-08-26,406562
2008-08-27,400034
2008-08-28,388795
2008-08-29,407492
2008-08-30,387958
2008-08-31,368442
2008-09-01,366080
2008-09-02,426260
2008-09-03,452626
2008-09-04,450327
2008-09-05,430660
2008-09-06,378983
2008-09-07,347372
2008-09-08,386935
2008-09-09,395984
2008-09-10,373675
2008-09-11,378707
2008-09-12,405221
2008-09-13,395112
2008-09-14,399810
2008-09-15,355166
2008-09-16,356558
2008-09-17,363493
2008-09-18,374736
2008-09-19,371426
2008-09-20,347555
2008-09-21,334160
2008-09-22,374577
2008-09-23,382917
2008-09-24,378534
2008-09-25,377957
2008-09-26,367214
2008-09-27,336628
2008-09-28,324635
2008-09-29,360524
2008-09-30,366084
2008-10-01,350357
2008-10-02,355203
2008-10-03,358183
2008-10-04,325653
2008-10-05,312681
2008-10-06,348744
2008-10-07,359661
2008-10-08,362163
2008-10-09,360664
2008-10-10,356584
2008-10-11,329884
2008-10-12,314655
2008-10-13,352184
2008-10-14,366727
2008-10-15,367916
2008-10-16,363156
2008-10-17,350664
2008-10-18,329093
2008-10-19,327488
2008-10-20,378513
2008-10-21,372669
2008-10-22,385730
2008-10-23,390590
2008-10-24,376355
2008-10-25,344887
2008-10-26,330557
2008-10-27,374482
2008-10-28,415404
2008-10-29,414096
2008-10-30,412461
2008-10-31,392168
2008-11-01,344182
2008-11-02,309920
2008-11-03,353877
2008-11-04,364405
2008-11-05,365600
2008-11-06,362238
2008-11-07,358905
2008-11-08,339069
2008-11-09,350430
2008-11-10,391828
2008-11-11,420198
2008-11-12,395266
2008-11-13,381367
2008-11-14,368081
2008-11-15,346846
2008-11-16,370143
2008-11-17,419397
2008-11-18,445083
2008-11-19,464876
2008-11-20,436197
2008-11-21,447821
2008-11-22,447386
2008-11-23,414093
2008-11-24,432573
2008-11-25,430173
2008-11-26,427038
2008-11-27,385492
2008-11-28,354053
2008-11-29,374421
2008-11-30,379617
2008-12-01,419374
2008-12-02,455512
2008-12-03,459659
2008-12-04,433996
2008-12-05,460239
2008-12-06,469484
2008-12-07,436230
2008-12-08,470621
2008-12-09,441133
2008-12-10,408659
2008-12-11,434343
2008-12-12,446553
2008-12-13,444594
2008-12-14,401263
2008-12-15,394447
2008-12-16,447065
2008-12-17,438277
2008-12-18,433086
2008-12-19,414100
2008-12-20,389608
2008-12-21,398182
2008-12-22,505018
2008-12-23,487572
2008-12-24,395880
2008-12-25,350171
2008-12-26,383827
2008-12-27,338078
2008-12-28,314739
2008-12-29,377026
2008-12-30,386272
2008-12-31,396919
2009-01-01,410908
2009-01-02,390419
2009-01-03,388214
2009-01-04,362667
2009-01-05,389298
2009-01-06,424116
2009-01-07,426180
2009-01-08,455160
2009-01-09,456062
2009-01-10,416953
2009-01-11,394033
2009-01-12,440887
2009-01-13,455967
2009-01-14,486786
2009-01-15,496583
2009-01-16,549004
2009-01-17,527571
2009-01-18,430995
2009-01-19,458243
2009-01-20,500762
2009-01-21,514101
2009-01-22,478734
2009-01-23,434910
2009-01-24,403248
2009-01-25,444452
2009-01-26,464579
2009-01-27,470527
2009-01-28,447043
2009-01-29,450032
2009-01-30,454994
2009-01-31,452164
2009-02-01,396272
2009-02-02,412168
2009-02-03,456743
2009-02-04,497441
2009-02-05,513837
2009-02-06,472286
2009-02-07,387812
2009-02-08,338482
2009-02-09,394388
2009-02-10,386987
2009-02-11,368094
2009-02-12,368201
2009-02-13,388452
2009-02-14,371635
2009-02-15,363150
2009-02-16,409094
2009-02-17,438078
2009-02-18,405842
2009-02-19,420644
2009-02-20,456480
2009-02-21,419755
2009-02-22,400415
2009-02-23,456593
2009-02-24,459620
2009-02-25,421944
2009-02-26,378771
2009-02-27,362223
2009-02-28,377006
2009-03-01,394047
2009-03-02,454425
2009-03-03,478703
2009-03-04,447148
2009-03-05,408328
2009-03-06,357135
2009-03-07,313761
2009-03-08,289484
2009-03-09,340353
2009-03-10,359860
2009-03-11,352692
2009-03-12,397291
2009-03-13,405728
2009-03-14,370626
2009-03-15,338603
2009-03-16,352229
2009-03-17,358934
2009-03-18,344825
2009-03-19,343378
2009-03-20,370086
2009-03-21,350500
2009-03-22,323348
2009-03-23,344644
2009-03-24,357994
2009-03-25,352172
2009-03-26,355375
2009-03-27,346215
2009-03-28,312881
2009-03-29,304910
2009-03-30,361837
2009-03-31,360480
2009-04-01,341200
2009-04-02,342352
2009-04-03,337739
2009-04-04,327497
2009-04-05,305360
2009-04-06,343098
2009-04-07,401079
2009-04-08,389577
2009-04-09,359603
2009-04-10,320988
2009-04-11,303643
2009-04-12,301651
2009-04-13,334070
2009-04-14,355473
2009-04-15,358328
2009-04-16,351200
2009-04-17,333083
2009-04-18,295638
2009-04-19,279247
2009-04-20,327292
2009-04-21,348583
2009-04-22,356971
2009-04-23,348248
2009-04-24,327819
2009-04-25,305032
2009-04-26,303607
2009-04-27,346242
2009-04-28,350915
2009-04-29,334701
2009-04-30,333481
2009-05-01,328142
2009-05-02,294393
2009-05-03,278297
2009-05-04,314069
2009-05-05,324249
2009-05-06,325319
2009-05-07,325591
2009-05-08,321283
2009-05-09,296137
2009-05-10,274300
2009-05-11,309070
2009-05-12,325028
2009-05-13,327194
2009-05-14,332872
2009-05-15,330510
2009-05-16,312822
2009-05-17,282182
2009-05-18,316633
2009-05-19,330912
2009-05-20,330378
2009-05-21,341671
2009-05-22,349939
2009-05-23,318939
2009-05-24,313290
2009-05-25,300005
2009-05-26,340236
2009-05-27,364074
2009-05-28,364057
2009-05-29,342438
2009-05-30,304651
2009-05-31,291155
2009-06-01,324689
2009-06-02,361362
2009-06-03,352417
2009-06-04,330283
2009-06-05,321365
2009-06-06,300110
2009-06-07,301702
2009-06-08,359036
2009-06-09,382089
2009-06-10,367075
2009-06-11,353252
2009-06-12,345868
2009-06-13,320419
2009-06-14,309924
2009-06-15,352007
2009-06-16,364885
2009-06-17,365819
2009-06-18,369969
2009-06-19,381842
2009-06-20,380587
2009-06-21,357705
2009-06-22,386091
2009-06-23,404442
2009-06-24,411298
2009-06-25,423794
2009-06-26,412724
2009-06-27,374254
2009-06-28,347928
2009-06-29,359055
2009-06-30,348292
2009-07-01,334494
2009-07-02,316409
2009-07-03,293561
2009-07-04,288948
2009-07-05,285055
2009-07-06,339404
2009-07-07,366342
2009-07-08,363808
2009-07-09,367094
2009-07-10,372649
2009-07-11,360621
2009-07-12,335534
2009-07-13,368684
2009-07-14,369126
2009-07-15,372243
2009-07-16,403372
2009-07-17,386556
2009-07-18,320756
2009-07-19,296163
2009-07-20,337586
2009-07-21,362332
2009-07-22,369590
2009-07-23,366420
2009-07-24,369352
2009-07-25,339189
2009-07-26,321049
2009-07-27,373235
2009-07-28,399726
2009-07-29,391193
2009-07-30,374674
2009-07-31,381376
2009-08-01,348918
2009-08-02,335786
2009-08-03,359515
2009-08-04,382694
2009-08-05,369670
2009-08-06,370901
2009-08-07,367601
2009-08-08,346828
2009-08-09,381085
2009-08-10,436386
2009-08-11,424277
2009-08-12,401247
2009-08-13,395683
2009-08-14,403356
2009-08-15,387382
2009-08-16,387235
2009-08-17,427420
2009-08-18,418813
2009-08-19,416476
2009-08-20,417052
2009-08-21,406306
2009-08-22,349509
2009-08-23,306791
2009-08-24,348608
2009-08-25,379032
2009-08-26,399445
2009-08-27,402391
2009-08-28,387344
2009-08-29,348002
2009-08-30,311905
2009-08-31,333258
2009-09-01,342187
2009-09-02,347505
2009-09-03,353670
2009-09-04,355981
2009-09-05,324984
2009-09-06,309240
2009-09-07,312742
2009-09-08,352408
2009-09-09,366619
2009-09-10,363748
2009-09-11,356874
2009-09-12,324051
2009-09-13,302212
2009-09-14,349878
2009-09-15,372610
2009-09-16,366438
2009-09-17,349685
2009-09-18,350007
2009-09-19,321353
2009-09-20,300869
2009-09-21,350958
2009-09-22,372744
2009-09-23,384513
2009-09-24,375484
2009-09-25,352990
2009-09-26,315124
2009-09-27,295403
2009-09-28,322256
2009-09-29,330623
2009-09-30,335293
2009-10-01,335959
2009-10-02,331196
2009-10-03,301678
2009-10-04,288401
2009-10-05,321103
2009-10-06,333919
2009-10-07,330147
2009-10-08,336848
2009-10-09,338597
2009-10-10,312323
2009-10-11,298284
2009-10-12,331957
2009-10-13,337615
2009-10-14,351089
2009-10-15,360444
2009-10-16,355038
2009-10-17,339404
2009-10-18,329861
2009-10-19,363364
2009-10-20,357112
2009-10-21,346284
2009-10-22,339055
2009-10-23,333770
2009-10-24,311953
2009-10-25,312920
2009-10-26,342633
2009-10-27,348697
2009-10-28,346393
2009-10-29,340586
2009-10-30,333190
2009-10-31,307295
2009-11-01,291235
2009-11-02,348872
2009-11-03,356699
2009-11-04,375344
2009-11-05,366434
2009-11-06,368954
2009-11-07,340087
2009-11-08,305372
2009-11-09,335838
2009-11-10,349395
2009-11-11,353445
2009-11-12,368962
2009-11-13,363140
2009-11-14,324124
2009-11-15,303799
2009-11-16,341133
2009-11-17,354045
2009-11-18,354443
2009-11-19,356615
2009-11-20,360379
2009-11-21,343341
2009-11-22,335444
2009-11-23,358510
2009-11-24,356793
2009-11-25,349689
2009-11-26,324473
2009-11-27,332435
2009-11-28,347880
2009-11-29,328527
2009-11-30,355363
2009-12-01,396569
2009-12-02,397210
2009-12-03,379977
2009-12-04,395609
2009-12-05,397751
2009-12-06,402200
2009-12-07,428296
2009-12-08,426608
2009-12-09,406785
2009-12-10,442301
2009-12-11,472129
2009-12-12,437769
2009-12-13,386431
2009-12-14,385093
2009-12-15,390224
2009-12-16,432009
2009-12-17,444921
2009-12-18,431608
2009-12-19,393374
2009-12-20,378250
2009-12-21,408919
2009-12-22,415217
2009-12-23,416183
2009-12-24,387328
2009-12-25,348642
2009-12-26,345314
2009-12-27,372033
2009-12-28,419931
2009-12-29,433997
2009-12-30,438345
2009-12-31,400288
2010-01-01,382858
2010-01-02,436784
2010-01-03,461205
2010-01-04,487484
2010-01-05,490803
2010-01-06,483639
2010-01-07,481496
2010-01-08,487846
2010-01-09,466955
2010-01-10,450382
2010-01-11,491583
2010-01-12,465925
2010-01-13,467924
2010-01-14,450029
2010-01-15,422421
2010-01-16,386628
2010-01-17,365153
2010-01-18,392445
2010-01-19,410130
2010-01-20,407282
2010-01-21,421316
2010-01-22,412524
2010-01-23,370846
2010-01-24,357523
2010-01-25,376074
2010-01-26,438728
2010-01-27,449473
2010-01-28,433127
2010-01-29,463962
2010-01-30,455578
2010-01-31,435790
2010-02-01,446472
2010-02-02,435422
2010-02-03,423300
2010-02-04,429404
2010-02-05,432207
2010-02-06,409928
2010-02-07,411253
2010-02-08,446261
2010-02-09,450998
2010-02-10,474285
2010-02-11,464277
2010-02-12,454928
2010-02-13,428429
2010-02-14,411548
2010-02-15,441687
2010-02-16,469969
2010-02-17,457033
2010-02-18,445183
2010-02-19,426322
2010-02-20,403388
2010-02-21,368136
2010-02-22,396586
2010-02-23,407221
2010-02-24,419002
2010-02-25,449315
2010-02-26,460636
2010-02-27,420004
2010-02-28,394538
2010-03-01,407463
2010-03-02,426566
2010-03-03,432524
2010-03-04,419748
2010-03-05,420717
2010-03-06,389835
2010-03-07,363678
2010-03-08,373617
2010-03-09,375180
2010-03-10,356129
2010-03-11,356309
2010-03-12,346257
2010-03-13,332351
2010-03-14,321505
2010-03-15,369450
2010-03-16,375973
2010-03-17,363804
2010-03-18,353048
2010-03-19,350390
2010-03-20,322171
2010-03-21,304472
2010-03-22,343673
2010-03-23,381831
2010-03-24,368628
2010-03-25,353584
2010-03-26,375302
2010-03-27,364207
2010-03-28,329567
2010-03-29,355687
2010-03-30,365798
2010-03-31,357110
2010-04-01,336888
2010-04-02,315910
2010-04-03,291292
2010-04-04,279656
2010-04-05,314210
2010-04-06,343182
2010-04-07,345924
2010-04-08,339789
2010-04-09,341470
2010-04-10,324456
2010-04-11,296152
2010-04-12,326753
2010-04-13,335214
2010-04-14,334819
2010-04-15,337929
2010-04-16,335215
2010-04-17,302050
2010-04-18,299230
2010-04-19,328158
2010-04-20,330297
2010-04-21,326683
2010-04-22,330975
2010-04-23,327429
2010-04-24,306078
2010-04-25,291871
2010-04-26,327159
2010-04-27,342985
2010-04-28,352275
2010-04-29,346219
2010-04-30,335937
2010-05-01,315401
2010-05-02,305541
2010-05-03,342320
2010-05-04,344861
2010-05-05,345872
2010-05-06,348297
2010-05-07,342298
2010-05-08,319648
2010-05-09,292006
2010-05-10,330581
2010-05-11,343584
2010-05-12,340270
2010-05-13,346130
2010-05-14,357290
2010-05-15,320371
2010-05-16,299495
2010-05-17,327604
2010-05-18,337003
2010-05-19,333138
2010-05-20,337988
2010-05-21,341537
2010-05-22,318283
2010-05-23,309209
2010-05-24,368987
2010-05-25,386576
2010-05-26,396220
2010-05-27,409230
2010-05-28,399070
2010-05-29,358441
2010-05-30,349067
2010-05-31,356599
2010-06-01,376530
2010-06-02,397306
2010-06-03,394991
2010-06-04,401618
2010-06-05,374946
2010-06-06,350509
2010-06-07,344443
2010-06-08,349535
2010-06-09,355756
2010-06-10,378752
2010-06-11,387008
2010-06-12,377822
2010-06-13,361305
2010-06-14,401251
2010-06-15,421091
2010-06-16,424611
2010-06-17,402945
2010-06-18,403316
2010-06-19,390044
2010-06-20,377341
2010-06-21,410623
2010-06-22,426108
2010-06-23,444490
2010-06-24,437328
2010-06-25,417810
2010-06-26,400508
2010-06-27,407795
2010-06-28,422200
2010-06-29,403597
2010-06-30,372952
2010-07-01,358945
2010-07-02,352203
2010-07-03,335038
2010-07-04,353480
2010-07-05,397880
2010-07-06,440922
2010-07-07,453097
2010-07-08,459021
2010-07-09,433582
2010-07-10,383467
2010-07-11,375762
2010-07-12,408705
2010-07-13,412304
2010-07-14,416911
2010-07-15,446419
2010-07-16,447899
2010-07-17,413288
2010-07-18,396422
2010-07-19,425190
2010-07-20,439745
2010-07-21,435476
2010-07-22,448651
2010-07-23,475807
2010-07-24,459556
2010-07-25,421566
2010-07-26,421421
2010-07-27,427263
2010-07-28,448064
2010-07-29,448761
2010-07-30,406799
2010-07-31,367500
2010-08-01,349541
2010-08-02,413461
2010-08-03,437178
2010-08-04,452053
2010-08-05,435699
2010-08-06,417571
2010-08-07,370691
2010-08-08,361115
2010-08-09,423256
2010-08-10,464233
2010-08-11,470332
2010-08-12,459293
2010-08-13,463730
2010-08-14,432188
2010-08-15,398995
2010-08-16,432398
2010-08-17,415751
2010-08-18,406958
2010-08-19,414408
2010-08-20,432603
2010-08-21,398289
2010-08-22,368086
2010-08-23,394121
2010-08-24,386773
2010-08-25,388773
2010-08-26,383899
2010-08-27,371020
2010-08-28,355498
2010-08-29,365659
2010-08-30,431165
2010-08-31,447776
2010-09-01,441189
2010-09-02,437910
2010-09-03,414315
2010-09-04,322071
2010-09-05,287648
2010-09-06,299475
2010-09-07,371053
2010-09-08,381320
2010-09-09,352422
2010-09-10,346631
2010-09-11,320587
2010-09-12,311359
2010-09-13,350196
2010-09-14,367565
2010-09-15,360474
2010-09-16,368517
2010-09-17,352583
2010-09-18,322636
2010-09-19,317752
2010-09-20,356060
2010-09-21,375035
2010-09-22,398399
2010-09-23,398718
2010-09-24,416729
2010-09-25,347943
2010-09-26,296238
2010-09-27,324752
2010-09-28,337470
2010-09-29,336723
2010-09-30,337935
2010-10-01,331711
2010-10-02,306443
2010-10-03,293060
2010-10-04,329982
2010-10-05,340303
2010-10-06,343660
2010-10-07,337362
2010-10-08,334531
2010-10-09,311591
2010-10-10,298154
2010-10-11,337142
2010-10-12,344711
2010-10-13,340280
2010-10-14,336596
2010-10-15,338223
2010-10-16,318483
2010-10-17,299858
2010-10-18,329273
2010-10-19,342396
2010-10-20,344145
2010-10-21,345882
2010-10-22,350030
2010-10-23,325115
2010-10-24,293444
2010-10-25,327465
2010-10-26,342030
2010-10-27,341914
2010-10-28,344055
2010-10-29,347636
2010-10-30,338442
2010-10-31,308447
2010-11-01,347829
2010-11-02,369375
2010-11-03,371775
2010-11-04,364748
2010-11-05,375847
2010-11-06,365217
2010-11-07,344009
2010-11-08,372784
2010-11-09,364345
2010-11-10,358556
2010-11-11,361819
2010-11-12,361551
2010-11-13,338094
2010-11-14,319578
2010-11-15,364524
2010-11-16,376642
2010-11-17,368822
2010-11-18,391286
2010-11-19,386986
2010-11-20,362120
2010-11-21,335037
2010-11-22,345744
2010-11-23,348649
2010-11-24,388681
2010-11-25,346574
2010-11-26,325146
2010-11-27,368995
2010-11-28,368263
2010-11-29,400189
2010-11-30,379678
2010-12-01,405357
2010-12-02,442365
2010-12-03,425023
2010-12-04,416166
2010-12-05,407778
2010-12-06,458042
2010-12-07,487278
2010-12-08,476959
2010-12-09,475242
2010-12-10,423967
2010-12-11,408978
2010-12-12,391000
2010-12-13,479670
2010-12-14,518160
2010-12-15,506497
2010-12-16,491327
2010-12-17,458807
2010-12-18,445746
2010-12-19,436500
2010-12-20,462877
2010-12-21,458136
2010-12-22,437863
2010-12-23,438404
2010-12-24,406121
2010-12-25,382995
2010-12-26,404915
2010-12-27,451761
2010-12-28,460928
2010-12-29,438042
2010-12-30,409570
2010-12-31,366894
2011-01-01,332309
2011-01-02,358686
2011-01-03,435217
2011-01-04,439970
2011-01-05,440980
2011-01-06,441745
2011-01-07,450839
2011-01-08,448174
2011-01-09,460914
2011-01-10,475091
2011-01-11,470081
2011-01-12,479737
2011-01-13,482335
2011-01-14,473384
2011-01-15,431780
2011-01-16,402089
2011-01-17,438382
2011-01-18,432297
2011-01-19,418641
2011-01-20,438902
2011-01-21,464124
2011-01-22,476178
2011-01-23,440277
2011-01-24,476264
2011-01-25,438908
2011-01-26,441216
2011-01-27,449822
2011-01-28,442881
2011-01-29,418128
2011-01-30,377325
2011-01-31,425915
2011-02-01,438876
2011-02-02,404260
2011-02-03,455614
2011-02-04,454568
2011-02-05,409602
2011-02-06,390781
2011-02-07,410927
2011-02-08,442202
2011-02-09,484583
2011-02-10,477604
2011-02-11,472519
2011-02-12,425421
2011-02-13,383266
2011-02-14,390142
2011-02-15,415225
2011-02-16,407730
2011-02-17,380653
2011-02-18,357340
2011-02-19,357507
2011-02-20,375150
2011-02-21,388614
2011-02-22,417328
2011-02-23,428120
2011-02-24,420449
2011-02-25,409063
2011-02-26,391612
2011-02-27,348278
2011-02-28,362919
2011-03-01,400868
2011-03-02,396460
2011-03-03,405296
2011-03-04,396635
2011-03-05,357241
2011-03-06,363029
2011-03-07,409298
2011-03-08,407971
2011-03-09,401564
2011-03-10,394581
2011-03-11,420793
2011-03-12,379323
2011-03-13,323578
2011-03-14,379451
2011-03-15,397761
2011-03-16,383053
2011-03-17,377256
2011-03-18,343793
2011-03-19,323460
2011-03-20,325694
2011-03-21,344305
2011-03-22,347776
2011-03-23,356481
2011-03-24,372236
2011-03-25,400416
2011-03-26,375305
2011-03-27,369017
2011-03-28,399813
2011-03-29,402766
2011-03-30,394313
2011-03-31,405677
2011-04-01,390940
2011-04-02,358282
2011-04-03,342123
2011-04-04,343065
2011-04-05,362966
2011-04-06,380682
2011-04-07,355573
2011-04-08,348431
2011-04-09,319345
2011-04-10,299650
2011-04-11,331322
2011-04-12,343694
2011-04-13,353377
2011-04-14,345893
2011-04-15,338640
2011-04-16,317291
2011-04-17,315272
2011-04-18,335569
2011-04-19,352009
2011-04-20,347619
2011-04-21,346510
2011-04-22,334323
2011-04-23,312478
2011-04-24,292231
2011-04-25,331492
2011-04-26,351399
2011-04-27,346086
2011-04-28,343632
2011-04-29,338976
2011-04-30,314742
2011-05-01,294597
2011-05-02,331355
2011-05-03,352019
2011-05-04,355275
2011-05-05,356295
2011-05-06,341453
2011-05-07,313548
2011-05-08,294559
2011-05-09,326085
2011-05-10,339434
2011-05-11,350685
2011-05-12,378328
2011-05-13,377585
2011-05-14,333325
2011-05-15,303346
2011-05-16,334146
2011-05-17,353926
2011-05-18,348452
2011-05-19,344940
2011-05-20,341248
2011-05-21,325511
2011-05-22,329166
2011-05-23,363349
2011-05-24,368072
2011-05-25,374370
2011-05-26,378889
2011-05-27,352261
2011-05-28,320989
2011-05-29,335770
2011-05-30,365727
2011-05-31,433698
2011-06-01,439706
2011-06-02,394705
2011-06-03,369437
2011-06-04,362137
2011-06-05,372022
2011-06-06,403089
2011-06-07,426868
2011-06-08,435116
2011-06-09,453352
2011-06-10,413604
2011-06-11,377395
2011-06-12,349211
2011-06-13,352909
2011-06-14,356744
2011-06-15,349656
2011-06-16,360842
2011-06-17,376925
2011-06-18,368360
2011-06-19,342574
2011-06-20,371215
2011-06-21,405345
2011-06-22,407386
2011-06-23,396004
2011-06-24,371398
2011-06-25,337810
2011-06-26,324294
2011-06-27,369216
2011-06-28,409471
2011-06-29,389292
2011-06-30,391984
2011-07-01,399298
2011-07-02,376048
2011-07-03,376401
2011-07-04,368213
2011-07-05,384480
2011-07-06,420443
2011-07-07,427681
2011-07-08,411855
2011-07-09,379606
2011-07-10,387617
2011-07-11,438637
2011-07-12,437226
2011-07-13,436008
2011-07-14,403642
2011-07-15,396983
2011-07-16,382297
2011-07-17,378681
2011-07-18,443705
2011-07-19,462681
2011-07-20,473173
2011-07-21,492694
2011-07-22,504417
2011-07-23,436825
2011-07-24,417643
2011-07-25,439103
2011-07-26,451431
2011-07-27,446647
2011-07-28,465999
2011-07-29,476549
2011-07-30,434034
2011-07-31,408270
2011-08-01,443872
2011-08-02,457846
2011-08-03,444901
2011-08-04,433865
2011-08-05,442436
2011-08-06,424022
2011-08-07,407276
2011-08-08,427911
2011-08-09,434344
2011-08-10,413957
2011-08-11,392252
2011-08-12,386866
2011-08-13,373640
2011-08-14,354348
2011-08-15,369779
2011-08-16,388072
2011-08-17,393572
2011-08-18,410948
2011-08-19,417295
2011-08-20,390620
2011-08-21,373721
2011-08-22,386369
2011-08-23,381162
2011-08-24,400597
2011-08-25,431574
2011-08-26,402310
2011-08-27,367929
2011-08-28,341898
2011-08-29,362950
2011-08-30,372601
2011-08-31,384058
2011-09-01,420065
2011-09-02,448742
2011-09-03,422390
2011-09-04,374118
2011-09-05,321114
2011-09-06,332982
2011-09-07,343473
2011-09-08,348791
2011-09-09,353099
2011-09-10,332373
2011-09-11,320512
2011-09-12,358410
2011-09-13,383103
2011-09-14,372175
2011-09-15,349674
2011-09-16,331465
2011-09-17,306649
2011-09-18,294691
2011-09-19,334487
2011-09-20,350356
2011-09-21,356223
2011-09-22,359019
2011-09-23,348551
2011-09-24,315213
2011-09-25,302913
2011-09-26,346507
2011-09-27,349269
2011-09-28,345661
2011-09-29,344627
2011-09-30,338751
2011-10-01,321241
2011-10-02,312551
2011-10-03,342547
2011-10-04,346872
2011-10-05,341093
2011-10-06,341953
2011-10-07,345081
2011-10-08,318433
2011-10-09,301806
2011-10-10,335815
2011-10-11,345379
2011-10-12,344368
2011-10-13,343556
2011-10-14,338509
2011-10-15,314933
2011-10-16,301151
2011-10-17,328280
2011-10-18,340435
2011-10-19,347912
2011-10-20,366569
2011-10-21,365957
2011-10-22,337747
2011-10-23,318900
2011-10-24,341536
2011-10-25,351879
2011-10-26,345416
2011-10-27,346204
2011-10-28,368226
2011-10-29,354952
2011-10-30,343036
2011-10-31,366213
2011-11-01,375315
2011-11-02,364824
2011-11-03,357132
2011-11-04,351257
2011-11-05,348433
2011-11-06,321504
2011-11-07,356151
2011-11-08,359111
2011-11-09,357657
2011-11-10,363621
2011-11-11,387846
2011-11-12,362582
2011-11-13,325360
2011-11-14,339612
2011-11-15,347662
2011-11-16,352083
2011-11-17,380974
2011-11-18,403792
2011-11-19,372381
2011-11-20,320684
2011-11-21,346760
2011-11-22,362756
2011-11-23,359390
2011-11-24,340709
2011-11-25,324428
2011-11-26,322169
2011-11-27,315040
2011-11-28,352038
2011-11-29,378876
2011-11-30,406695
2011-12-01,415349
2011-12-02,411709
2011-12-03,385431
2011-12-04,357495
2011-12-05,371772
2011-12-06,383060
2011-12-07,392107
2011-12-08,423106
2011-12-09,425386
2011-12-10,402704
2011-12-11,407391
2011-12-12,428363
2011-12-13,414365
2011-12-14,389952
2011-12-15,381161
2011-12-16,388376
2011-12-17,393794
2011-12-18,383576
2011-12-19,413520
2011-12-20,395337
2011-12-21,377912
2011-12-22,372993
2011-12-23,368545
2011-12-24,353962
2011-12-25,344669
2011-12-26,336780
2011-12-27,377706
2011-12-28,394215
2011-12-29,405704
2011-12-30,373753
2011-12-31,338502
2012-01-01,343039
2012-01-02,387344
2012-01-03,463412
2012-01-04,473682
2012-01-05,424423
2012-01-06,400225
2012-01-07,358188
2012-01-08,362309
2012-01-09,399539
2012-01-10,406400
2012-01-11,408930
2012-01-12,394484
2012-01-13,461320
2012-01-14,443495
2012-01-15,415953
2012-01-16,442198
2012-01-17,395012
2012-01-18,415820
2012-01-19,454169
2012-01-20,445465
2012-01-21,412850
2012-01-22,397056
2012-01-23,392410
2012-01-24,393912
2012-01-25,408282
2012-01-26,400087
2012-01-27,382895
2012-01-28,385834
2012-01-29,386221
2012-01-30,412897
2012-01-31,387643
2012-02-01,364387
2012-02-02,368293
2012-02-03,391318
2012-02-04,370666
2012-02-05,353222
2012-02-06,395939
2012-02-07,404973
2012-02-08,416322
2012-02-09,426501
2012-02-10,432221
2012-02-11,423552
2012-02-12,443875
2012-02-13,442821
2012-02-14,423606
2012-02-15,399456
2012-02-16,385285
2012-02-17,380681
2012-02-18,365181
2012-02-19,363486
2012-02-20,401798
2012-02-21,412013
2012-02-22,383706
2012-02-23,373716
2012-02-24,369281
2012-02-25,390651
2012-02-26,380700
2012-02-27,384917
2012-02-28,385963
2012-02-29,365625
2012-03-01,353815
2012-03-02,377463
2012-03-03,347929
2012-03-04,359747
2012-03-05,412386
2012-03-06,417058
2012-03-07,372424
2012-03-08,353049
2012-03-09,368766
2012-03-10,364834
2012-03-11,321755
2012-03-12,342574
2012-03-13,338874
2012-03-14,335510
2012-03-15,338133
2012-03-16,337322
2012-03-17,306259
2012-03-18,289850
2012-03-19,327424
2012-03-20,342104
2012-03-21,347586
2012-03-22,354065
2012-03-23,346868
2012-03-24,306712
2012-03-25,287181
2012-03-26,323308
2012-03-27,352933
2012-03-28,341173
2012-03-29,331633
2012-03-30,336487
2012-03-31,302435
2012-04-01,293081
2012-04-02,322836
2012-04-03,337176
2012-04-04,331992
2012-04-05,332438
2012-04-06,326473
2012-04-07,308627
2012-04-08,289087
2012-04-09,321064
2012-04-10,345182
2012-04-11,365324
2012-04-12,370632
2012-04-13,349991
2012-04-14,319002
2012-04-15,300507
2012-04-16,338360
2012-04-17,339649
2012-04-18,335200
2012-04-19,334968
2012-04-20,335756
2012-04-21,311639
2012-04-22,309654
2012-04-23,357537
2012-04-24,358645
2012-04-25,344830
2012-04-26,337256
2012-04-27,334746
2012-04-28,322638
2012-04-29,304857
2012-04-30,331758
2012-05-01,350114
2012-05-02,362726
2012-05-03,390061
2012-05-04,384213
2012-05-05,333148
2012-05-06,307675
2012-05-07,351945
2012-05-08,357521
2012-05-09,338025
2012-05-10,332113
2012-05-11,335333
2012-05-12,307804
2012-05-13,291817
2012-05-14,329480
2012-05-15,346339
2012-05-16,352858
2012-05-17,341466
2012-05-18,339080
2012-05-19,328154
2012-05-20,328666
2012-05-21,368308
2012-05-22,357553
2012-05-23,352147
2012-05-24,373304
2012-05-25,392092
2012-05-26,375988
2012-05-27,374516
2012-05-28,385645
2012-05-29,411402
2012-05-30,388795
2012-05-31,367141
2012-06-01,350728
2012-06-02,300897
2012-06-03,293412
2012-06-04,339765
2012-06-05,342661
2012-06-06,338794
2012-06-07,351189
2012-06-08,362160
2012-06-09,353522
2012-06-10,356310
2012-06-11,389511
2012-06-12,402038
2012-06-13,378131
2012-06-14,366460
2012-06-15,384626
2012-06-16,377095
2012-06-17,354727
2012-06-18,392579
2012-06-19,431831
2012-06-20,448186
2012-06-21,454029
2012-06-22,423721
2012-06-23,378046
2012-06-24,369930
2012-06-25,405077
2012-06-26,368261
2012-06-27,378279
2012-06-28,420890
2012-06-29,474753
2012-06-30,301830
2012-07-01,336539
2012-07-02,359591
2012-07-03,412088
2012-07-04,408437
2012-07-05,426961
2012-07-06,439455
2012-07-07,458338
2012-07-08,437649
2012-07-09,416285
2012-07-10,419579
2012-07-11,411606
2012-07-12,416341
2012-07-13,409666
2012-07-14,384290
2012-07-15,383985
2012-07-16,434907
2012-07-17,464577
2012-07-18,465119
2012-07-19,424273
2012-07-20,401543
2012-07-21,366016
2012-07-22,372426
2012-07-23,431501
2012-07-24,445957
2012-07-25,413408
2012-07-26,472522
2012-07-27,436714
2012-07-28,390461
2012-07-29,366413
2012-07-30,410894
2012-07-31,431065
2012-08-01,427737
2012-08-02,430233
2012-08-03,443134
2012-08-04,419447
2012-08-05,394330
2012-08-06,400579
2012-08-07,411620
2012-08-08,429536
2012-08-09,427448
2012-08-10,391466
2012-08-11,334366
2012-08-12,320261
2012-08-13,367488
2012-08-14,384916
2012-08-15,383640
2012-08-16,395629
2012-08-17,387942
2012-08-18,345194
2012-08-19,322441
2012-08-20,355494
2012-08-21,363987
2012-08-22,368264
2012-08-23,384080
2012-08-24,398919
2012-08-25,379181
2012-08-26,363458
2012-08-27,401152
2012-08-28,405489
2012-08-29,391955
2012-08-30,388252
2012-08-31,409485
2012-09-01,392715
2012-09-02,360586
2012-09-03,359076
2012-09-04,399274
2012-09-05,412643
2012-09-06,415913
2012-09-07,408924
2012-09-08,348642
2012-09-09,295765
2012-09-10,327746
2012-09-11,336964
2012-09-12,347720
2012-09-13,365693
2012-09-14,355664
2012-09-15,310507
2012-09-16,293302
2012-09-17,328991
2012-09-18,346314
2012-09-19,324779
2012-09-20,326654
2012-09-21,330143
2012-09-22,306234
2012-09-23,285761
2012-09-24,320276
2012-09-25,331362
2012-09-26,338163
2012-09-27,342443
2012-09-28,332489
2012-09-29,298322
2012-09-30,280535
2012-10-01,314810
2012-10-02,334350
2012-10-03,339871
2012-10-04,334922
2012-10-05,332871
2012-10-06,300698
2012-10-07,293234
2012-10-08,342363
2012-10-09,351956
2012-10-10,343606
2012-10-11,353910
2012-10-12,339900
2012-10-13,318766
2012-10-14,293757
2012-10-15,314873
2012-10-16,342085
2012-10-17,341937
2012-10-18,332820
2012-10-19,336641
2012-10-20,311956
2012-10-21,300531
2012-10-22,332029
2012-10-23,336036
2012-10-24,333632
2012-10-25,337239
2012-10-26,331175
2012-10-27,310390
2012-10-28,309152
2012-10-29,371284
2012-10-30,396509
2012-10-31,381887
2012-11-01,370383
2012-11-02,365065
2012-11-03,345511
2012-11-04,314752
2012-11-05,371618
2012-11-06,390911
2012-11-07,376867
2012-11-08,382389
2012-11-09,379344
2012-11-10,332275
2012-11-11,305109
2012-11-12,331811
2012-11-13,374658
2012-11-14,400824
2012-11-15,396962
2012-11-16,390532
2012-11-17,358848
2012-11-18,337146
2012-11-19,364465
2012-11-20,365072
2012-11-21,361755
2012-11-22,326306
2012-11-23,313489
2012-11-24,348704
2012-11-25,363288
2012-11-26,380271
2012-11-27,387468
2012-11-28,402070
2012-11-29,414483
2012-11-30,397126
2012-12-01,354331
2012-12-02,327588
2012-12-03,338033
2012-12-04,350105
2012-12-05,356909
2012-12-06,381338
2012-12-07,381536
2012-12-08,342768
2012-12-09,340344
2012-12-10,359839
2012-12-11,395912
2012-12-12,412760
2012-12-13,412733
2012-12-14,406706
2012-12-15,369283
2012-12-16,328042
2012-12-17,357787
2012-12-18,378206
2012-12-19,387478
2012-12-20,394255
2012-12-21,418977
2012-12-22,397793
2012-12-23,378261
2012-12-24,356948
2012-12-25,324635
2012-12-26,368611
2012-12-27,402786
2012-12-28,399995
2012-12-29,382996
2012-12-30,384977
2012-12-31,403575
2013-01-01,362392
2013-01-02,406720
2013-01-03,435607
2013-01-04,431505
2013-01-05,403581
2013-01-06,364731
2013-01-07,397880
2013-01-08,419852
2013-01-09,395103
2013-01-10,390497
2013-01-11,373714
2013-01-12,325653
2013-01-13,303666
2013-01-14,363556
2013-01-15,409670
2013-01-16,410721
2013-01-17,406826
2013-01-18,412469
2013-01-19,382646
2013-01-20,354834
2013-01-21,417346
2013-01-22,480711
2013-01-23,492514
2013-01-24,469317
2013-01-25,484223
2013-01-26,425907
2013-01-27,407947
2013-01-28,403734
2013-01-29,363974
2013-01-30,345800
2013-01-31,406863
2013-02-01,464427
2013-02-02,460149
2013-02-03,409279
2013-02-04,441808
2013-02-05,420267
2013-02-06,403145
2013-02-07,409193
2013-02-08,397767
2013-02-09,386902
2013-02-10,371492
2013-02-11,364362
2013-02-12,384892
2013-02-13,397540
2013-02-14,405787
2013-02-15,400812
2013-02-16,394350
2013-02-17,413876
2013-02-18,433554
2013-02-19,404223
2013-02-20,437851
2013-02-21,440854
2013-02-22,417919
2013-02-23,360449
2013-02-24,351604
2013-02-25,395856
2013-02-26,411909
2013-02-27,398810
2013-02-28,415667
2013-03-01,412096
2013-03-02,395076
2013-03-03,394472
2013-03-04,415924
2013-03-05,406926
2013-03-06,418947
2013-03-07,413859
2013-03-08,401600
2013-03-09,365300
2013-03-10,305170
2013-03-11,337425
2013-03-12,371361
2013-03-13,402568
2013-03-14,417551
2013-03-15,393799
2013-03-16,335619
2013-03-17,335461
2013-03-18,397294
2013-03-19,394109
2013-03-20,398928
2013-03-21,423957
2013-03-22,423849
2013-03-23,364555
2013-03-24,356343
2013-03-25,410017
2013-03-26,415596
2013-03-27,404993
2013-03-28,394554
2013-03-29,360890
2013-03-30,324967
2013-03-31,300919
2013-04-01,339443
2013-04-02,381928
2013-04-03,384147
2013-04-04,383031
2013-04-05,367424
2013-04-06,327807
2013-04-07,292625
2013-04-08,318969
2013-04-09,329129
2013-04-10,336892
2013-04-11,341604
2013-04-12,339363
2013-04-13,315351
2013-04-14,299341
2013-04-15,315873
2013-04-16,326232
2013-04-17,328132
2013-04-18,332985
2013-04-19,329458
2013-04-20,317283
2013-04-21,308284
2013-04-22,330594
2013-04-23,330083
2013-04-24,331975
2013-04-25,343518
2013-04-26,336427
2013-04-27,299819
2013-04-28,285588
2013-04-29,320696
2013-04-30,330163
2013-05-01,334446
2013-05-02,338410
2013-05-03,332918
2013-05-04,305102
2013-05-05,285166
2013-05-06,320408
2013-05-07,332066
2013-05-08,330645
2013-05-09,334165
2013-05-10,333054
2013-05-11,298570
2013-05-12,281857
2013-05-13,321572
2013-05-14,337769
2013-05-15,341402
2013-05-16,355213
2013-05-17,346815
2013-05-18,319144
2013-05-19,309214
2013-05-20,364926
2013-05-21,392264
2013-05-22,383387
2013-05-23,358686
2013-05-24,324992
2013-05-25,292284
2013-05-26,274548
2013-05-27,277788
2013-05-28,333922
2013-05-29,382041
2013-05-30,402518
2013-05-31,403585
2013-06-01,362664
2013-06-02,331976
2013-06-03,338874
2013-06-04,342703
2013-06-05,348563
2013-06-06,354940
2013-06-07,337863
2013-06-08,306397
2013-06-09,312612
2013-06-10,355703
2013-06-11,363429
2013-06-12,395162
2013-06-13,391350
2013-06-14,349620
2013-06-15,324554
2013-06-16,317514
2013-06-17,373878
2013-06-18,382511
2013-06-19,359981
2013-06-20,365969
2013-06-21,384713
2013-06-22,376654
2013-06-23,372886
2013-06-24,409553
2013-06-25,422868
2013-06-26,414694
2013-06-27,393966
2013-06-28,398739
2013-06-29,347581
2013-06-30,328221
2013-07-01,353997
2013-07-02,359127
2013-07-03,372628
2013-07-04,341881
2013-07-05,339536
2013-07-06,352545
2013-07-07,339240
2013-07-08,380950
2013-07-09,416205
2013-07-10,421573
2013-07-11,379245
2013-07-12,371332
2013-07-13,355071
2013-07-14,374143
2013-07-15,438157
2013-07-16,459107
2013-07-17,465174
2013-07-18,466504
2013-07-19,467749
2013-07-20,411351
2013-07-21,368226
2013-07-22,399729
2013-07-23,408534
2013-07-24,384079
2013-07-25,361789
2013-07-26,363031
2013-07-27,343142
2013-07-28,309622
2013-07-29,339293
2013-07-30,359080
2013-07-31,363796
2013-08-01,370575
2013-08-02,366277
2013-08-03,337439
2013-08-04,319178
2013-08-05,346718
2013-08-06,368755
2013-08-07,389096
2013-08-08,398369
2013-08-09,391879
2013-08-10,363366
2013-08-11,346301
2013-08-12,387846
2013-08-13,388706
2013-08-14,341226
2013-08-15,333563
2013-08-16,338143
2013-08-17,317455
2013-08-18,303367
2013-08-19,356018
2013-08-20,383432
2013-08-21,392275
2013-08-22,390289
2013-08-23,387642
2013-08-24,348177
2013-08-25,331849
2013-08-26,381233
2013-08-27,409081
2013-08-28,425569
2013-08-29,417294
2013-08-30,413989
2013-08-31,380621
2013-09-01,347295
2013-09-02,351665
2013-09-03,358415
2013-09-04,348399
2013-09-05,361679
2013-09-06,349620
2013-09-07,326458
2013-09-08,332308
2013-09-09,379959
2013-09-10,434237
2013-09-11,433382
2013-09-12,400835
2013-09-13,347234
2013-09-14,291688
2013-09-15,278016
2013-09-16,322005
2013-09-17,329480
2013-09-18,331165
2013-09-19,345257
2013-09-20,360450
2013-09-21,328516
2013-09-22,279682
2013-09-23,314866
2013-09-24,325599
2013-09-25,325910
2013-09-26,331637
2013-09-27,330841
2013-09-28,300253
2013-09-29,283554
2013-09-30,319965
2013-10-01,330728
2013-10-02,339268
2013-10-03,348888
2013-10-04,353879
2013-10-05,326377
2013-10-06,312104
2013-10-07,319442
2013-10-08,317785
2013-10-09,317429
2013-10-10,320222
2013-10-11,317820
2013-10-12,290795
2013-10-13,277720
2013-10-14,310735
2013-10-15,323643
2013-10-16,324719
2013-10-17,323440
2013-10-18,322108
2013-10-19,300656
2013-10-20,292418
2013-10-21,327217
2013-10-22,335819
2013-10-23,348557
2013-10-24,368179
2013-10-25,368305
2013-10-26,350612
2013-10-27,308110
2013-10-28,338156
2013-10-29,340966
2013-10-30,334928
2013-10-31,327903
2013-11-01,317676
2013-11-02,301276
2013-11-03,305024
2013-11-04,357879
2013-11-05,351819
2013-11-06,340290
2013-11-07,338944
2013-11-08,366504
2013-11-09,345545
2013-11-10,313202
2013-11-11,359895
2013-11-12,381524
2013-11-13,408341
2013-11-14,399255
2013-11-15,377121
2013-11-16,323209
2013-11-17,297792
2013-11-18,323691
2013-11-19,367112
2013-11-20,378485
2013-11-21,369235
2013-11-22,345145
2013-11-23,340698
2013-11-24,382900
2013-11-25,424894
2013-11-26,404251
2013-11-27,408265
2013-11-28,386284
2013-11-29,360111
2013-11-30,360854
2013-12-01,353313
2013-12-02,369749
2013-12-03,374560
2013-12-04,354906
2013-12-05,345587
2013-12-06,375923
2013-12-07,379727
2013-12-08,391399
2013-12-09,404632
2013-12-10,420639
2013-12-11,439711
2013-12-12,444828
2013-12-13,442332
2013-12-14,400229
2013-12-15,385326
2013-12-16,428480
2013-12-17,422910
2013-12-18,420390
2013-12-19,410549
2013-12-20,374443
2013-12-21,327111
2013-12-22,306104
2013-12-23,343511
2013-12-24,380874
2013-12-25,382944
2013-12-26,370492
2013-12-27,383849
2013-12-28,363174
2013-12-29,335253
2013-12-30,374306
2013-12-31,398915
2014-01-01,376511
2014-01-02,407849
2014-01-03,470294
2014-01-04,449668
2014-01-05,386666
2014-01-06,425596
2014-01-07,539406
2014-01-08,497245
2014-01-09,441732
2014-01-10,410943
2014-01-11,360664
2014-01-12,352620
2014-01-13,393773
2014-01-14,376581
2014-01-15,404049
2014-01-16,436470
2014-01-17,420483
2014-01-18,434417
2014-01-19,398280
2014-01-20,402731
2014-01-21,437119
2014-01-22,504699
2014-01-23,500275
2014-01-24,533318
2014-01-25,476293
2014-01-26,445162
2014-01-27,436728
2014-01-28,519690
2014-01-29,527705
2014-01-30,514346
2014-01-31,441881
2014-02-01,388194
2014-02-02,358076
2014-02-03,405847
2014-02-04,437253
2014-02-05,426659
2014-02-06,446026
2014-02-07,458894
2014-02-08,438930
2014-02-09,400853
2014-02-10,440074
2014-02-11,472917
2014-02-12,481507
2014-02-13,451391
2014-02-14,424745
2014-02-15,405198
2014-02-16,410891
2014-02-17,437442
2014-02-18,406623
2014-02-19,375989
2014-02-20,383850
2014-02-21,363372
2014-02-22,356957
2014-02-23,339333
2014-02-24,393846
2014-02-25,427236
2014-02-26,438092
2014-02-27,458759
2014-02-28,460902
2014-03-01,396769
2014-03-02,368378
2014-03-03,437243
2014-03-04,469642
2014-03-05,432346
2014-03-06,422888
2014-03-07,401834
2014-03-08,357001
2014-03-09,324191
2014-03-10,368402
2014-03-11,333943
2014-03-12,353206
2014-03-13,424216
2014-03-14,396643
2014-03-15,324550
2014-03-16,341172
2014-03-17,414488
2014-03-18,398159
2014-03-19,365945
2014-03-20,366041
2014-03-21,363135
2014-03-22,317723
2014-03-23,326278
2014-03-24,393837
2014-03-25,402662
2014-03-26,419195
2014-03-27,405004
2014-03-28,351098
2014-03-29,330108
2014-03-30,345905
2014-03-31,358316
2014-04-01,336635
2014-04-02,325075
2014-04-03,336291
2014-04-04,334648
2014-04-05,316595
2014-04-06,309407
2014-04-07,329808
2014-04-08,337630
2014-04-09,333267
2014-04-10,333983
2014-04-11,317066
2014-04-12,293791
2014-04-13,278708
2014-04-14,315280
2014-04-15,345128
2014-04-16,382866
2014-04-17,352649
2014-04-18,313604
2014-04-19,286564
2014-04-20,275216
2014-04-21,305829
2014-04-22,319293
2014-04-23,321533
2014-04-24,327829
2014-04-25,325906
2014-04-26,300151
2014-04-27,281239
2014-04-28,314233
2014-04-29,328527
2014-04-30,325834
2014-05-01,318956
2014-05-02,319915
2014-05-03,294016
2014-05-04,274038
2014-05-05,310895
2014-05-06,321249
2014-05-07,326162
2014-05-08,342987
2014-05-09,345342
2014-05-10,298788
2014-05-11,280435
2014-05-12,339499
2014-05-13,374412
2014-05-14,357854
2014-05-15,338971
2014-05-16,319252
2014-05-17,299341
2014-05-18,283989
2014-05-19,314085
2014-05-20,323427
2014-05-21,341119
2014-05-22,347305
2014-05-23,327613
2014-05-24,288986
2014-05-25,282860
2014-05-26,300636
2014-05-27,367376
2014-05-28,377706
2014-05-29,362070
2014-05-30,353310
2014-05-31,330970
2014-06-01,319295
2014-06-02,371735
2014-06-03,381432
2014-06-04,364586
2014-06-05,343668
2014-06-06,338480
2014-06-07,321305
2014-06-08,311966
2014-06-09,336438
2014-06-10,356101
2014-06-11,357745
2014-06-12,359649
2014-06-13,350817
2014-06-14,307769
2014-06-15,298927
2014-06-16,377348
2014-06-17,412090
2014-06-18,425281
2014-06-19,399240
2014-06-20,386106
2014-06-21,345842
2014-06-22,331333
2014-06-23,388169
2014-06-24,403833
2014-06-25,391599
2014-06-26,392823
2014-06-27,398081
2014-06-28,378183
2014-06-29,361242
2014-06-30,391450
2014-07-01,409136
2014-07-02,410760
2014-07-03,371809
2014-07-04,302823
2014-07-05,288527
2014-07-06,300437
2014-07-07,369631
2014-07-08,394858
2014-07-09,382499
2014-07-10,374249
2014-07-11,376818
2014-07-12,367949
2014-07-13,369255
2014-07-14,397162
2014-07-15,376049
2014-07-16,340011
2014-07-17,335627
2014-07-18,337139
2014-07-19,314069
2014-07-20,309339
2014-07-21,377677
2014-07-22,416863
2014-07-23,413562
2014-07-24,367728
2014-07-25,347426
2014-07-26,344380
2014-07-27,340801
2014-07-28,347110
2014-07-29,332003
2014-07-30,334526
2014-07-31,348939
2014-08-01,360624
2014-08-02,332248
2014-08-03,313264
2014-08-04,366697
2014-08-05,383668
2014-08-06,378878
2014-08-07,370903
2014-08-08,361327
2014-08-09,339730
2014-08-10,336857
2014-08-11,376979
2014-08-12,377671
2014-08-13,352171
2014-08-14,347596
2014-08-15,340158
2014-08-16,314223
2014-08-17,325747
2014-08-18,373221
2014-08-19,394642
2014-08-20,401457
2014-08-21,394832
2014-08-22,390273
2014-08-23,381763
2014-08-24,361557
2014-08-25,397188
2014-08-26,398954
2014-08-27,404765
2014-08-28,394743
2014-08-29,377184
2014-08-30,368155
2014-08-31,353147
2014-09-01,355036
2014-09-02,392296
2014-09-03,389693
2014-09-04,399974
2014-09-05,418850
2014-09-06,377972
2014-09-07,311430
2014-09-08,334827
2014-09-09,355289
2014-09-10,367046
2014-09-11,364323
2014-09-12,327610
2014-09-13,297151
2014-09-14,275842
2014-09-15,312037
2014-09-16,326994
2014-09-17,321788
2014-09-18,324837
2014-09-19,323626
2014-09-20,305637
2014-09-21,305473
2014-09-22,315493
2014-09-23,322864
2014-09-24,323884
2014-09-25,330273
2014-09-26,333553
2014-09-27,306040
2014-09-28,289354
2014-09-29,331555
2014-09-30,334344
2014-10-01,325111
2014-10-02,331070
2014-10-03,334564
2014-10-04,293212
2014-10-05,289970
2014-10-06,317758
2014-10-07,326049
2014-10-08,318240
2014-10-09,322348
2014-10-10,322564
2014-10-11,296464
2014-10-12,284745
2014-10-13,316412
2014-10-14,330257
2014-10-15,325072
2014-10-16,324501
2014-10-17,322861
2014-10-18,296675
2014-10-19,291320
2014-10-20,331235
2014-10-21,335962
2014-10-22,344434
2014-10-23,341772
2014-10-24,339782
2014-10-25,310827
2014-10-26,284428
2014-10-27,326002
2014-10-28,327258
2014-10-29,322089
2014-10-30,340792
2014-10-31,351662
2014-11-01,343619
2014-11-02,347476
2014-11-03,359680
2014-11-04,344131
2014-11-05,331562
2014-11-06,336889
2014-11-07,355187
2014-11-08,352358
2014-11-09,316388
2014-11-10,348237
2014-11-11,346418
2014-11-12,353526
2014-11-13,385974
2014-11-14,408861
2014-11-15,397057
2014-11-16,364065
2014-11-17,388974
2014-11-18,452296
2014-11-19,458114
2014-11-20,413284
2014-11-21,423559
2014-11-22,402559
2014-11-23,344216
2014-11-24,335118
2014-11-25,362844
2014-11-26,385825
2014-11-27,355063
2014-11-28,359257
2014-11-29,359951
2014-11-30,315147
2014-12-01,342104
2014-12-02,394731
2014-12-03,383545
2014-12-04,402346
2014-12-05,389449
2014-12-06,353459
2014-12-07,353259
2014-12-08,398655
2014-12-09,399733
2014-12-10,404734
2014-12-11,418790
2014-12-12,419241
2014-12-13,389095
2014-12-14,357602
2014-12-15,373222
2014-12-16,380910
2014-12-17,390132
2014-12-18,414858
2014-12-19,413947
2014-12-20,395898
2014-12-21,369438
2014-12-22,393156
2014-12-23,366188
2014-12-24,316708
2014-12-25,299840
2014-12-26,331713
2014-12-27,321094
2014-12-28,314679
2014-12-29,361793
2014-12-30,391812
2014-12-31,409346
2015-01-01,390862
2015-01-02,372114
2015-01-03,360344
2015-01-04,321951
2015-01-05,407589
2015-01-06,446482
2015-01-07,467831
2015-01-08,529900
2015-01-09,473971
2015-01-10,469131
2015-01-11,432725
2015-01-12,411006
2015-01-13,431046
2015-01-14,454251
2015-01-15,443801
2015-01-16,422811
2015-01-17,394877
2015-01-18,356185
2015-01-19,382605
2015-01-20,395352
2015-01-21,383945
2015-01-22,402526
2015-01-23,409691
2015-01-24,389011
2015-01-25,369063
2015-01-26,408870
2015-01-27,443760
2015-01-28,450809
2015-01-29,433257
2015-01-30,417491
2015-01-31,425651
2015-02-01,380478
2015-02-02,401017
2015-02-03,449361
2015-02-04,415750
2015-02-05,423773
2015-02-06,464977
2015-02-07,388300
2015-02-08,337006
2015-02-09,364294
2015-02-10,419571
2015-02-11,424157
2015-02-12,420875
2015-02-13,471916
2015-02-14,425945
2015-02-15,468087
2015-02-16,503133
2015-02-17,485421
2015-02-18,481019
2015-02-19,526503
2015-02-20,541239
2015-02-21,464221
2015-02-22,396580
2015-02-23,436856
2015-02-24,492160
2015-02-25,445366
2015-02-26,438669
2015-02-27,456962
2015-02-28,442314
2015-03-01,399960
2015-03-02,403243
2015-03-03,420407
2015-03-04,392241
2015-03-05,425351
2015-03-06,462462
2015-03-07,412202
2015-03-08,334526
2015-03-09,359184
2015-03-10,363772
2015-03-11,351697
2015-03-12,355733
2015-03-13,354952
2015-03-14,330773
2015-03-15,308561
2015-03-16,335842
2015-03-17,333396
2015-03-18,364802
2015-03-19,368951
2015-03-20,369781
2015-03-21,326152
2015-03-22,307501
2015-03-23,353936
2015-03-24,367031
2015-03-25,348581
2015-03-26,339096
2015-03-27,361327
2015-03-28,377525
2015-03-29,366875
2015-03-30,349058
2015-03-31,345077
2015-04-01,342097
2015-04-02,338129
2015-04-03,307732
2015-04-04,298613
2015-04-05,298600
2015-04-06,317784
2015-04-07,329489
2015-04-08,327816
2015-04-09,328861
2015-04-10,320698
2015-04-11,293538
2015-04-12,284366
2015-04-13,311192
2015-04-14,317091
2015-04-15,317639
2015-04-16,321514
2015-04-17,318451
2015-04-18,290694
2015-04-19,277712
2015-04-20,309268
2015-04-21,318642
2015-04-22,326853
2015-04-23,336395
2015-04-24,334952
2015-04-25,304179
2015-04-26,294975
2015-04-27,321595
2015-04-28,331281
2015-04-29,320057
2015-04-30,317306
2015-05-01,321549
2015-05-02,292368
2015-05-03,276113
2015-05-04,314403
2015-05-05,334114
2015-05-06,340201
2015-05-07,350248
2015-05-08,360676
2015-05-09,336588
2015-05-10,323184
2015-05-11,363209
2015-05-12,348590
2015-05-13,321858
2015-05-14,319199
2015-05-15,322226
2015-05-16,316041
2015-05-17,312643
2015-05-18,364732
2015-05-19,350761
2015-05-20,323044
2015-05-21,319151
2015-05-22,316739
2015-05-23,283672
2015-05-24,281949
2015-05-25,302205
2015-05-26,355032
2015-05-27,366620
2015-05-28,365224
2015-05-29,372824
2015-05-30,352001
2015-05-31,323014
2015-06-01,323099
2015-06-02,322159
2015-06-03,319892
2015-06-04,340288
2015-06-05,362893
2015-06-06,326771
2015-06-07,312817
2015-06-08,368109
2015-06-09,352345
2015-06-10,366574
2015-06-11,402345
2015-06-12,407862
2015-06-13,373213
2015-06-14,360154
2015-06-15,406958
2015-06-16,413921
2015-06-17,384101
2015-06-18,395188
2015-06-19,382553
2015-06-20,346063
2015-06-21,347185
2015-06-22,394547
2015-06-23,425036
2015-06-24,395008
2015-06-25,380087
2015-06-26,379673
2015-06-27,333726
2015-06-28,296127
2015-06-29,325563
2015-06-30,340329
2015-07-01,337894
2015-07-02,337120
2015-07-03,308255
2015-07-04,300292
2015-07-05,302803
2015-07-06,358639
2015-07-07,388247
2015-07-08,360769
2015-07-09,363646
2015-07-10,367865
2015-07-11,339846
2015-07-12,328419
2015-07-13,362621
2015-07-14,374982
2015-07-15,361301
2015-07-16,356298
2015-07-17,382293
2015-07-18,392823
2015-07-19,382648
2015-07-20,400696
2015-07-21,414281
2015-07-22,384738
2015-07-23,379060
2015-07-24,386463
2015-07-25,374606
2015-07-26,373009
2015-07-27,404609
2015-07-28,426424
2015-07-29,436380
2015-07-30,424994
2015-07-31,398227
2015-08-01,361512
2015-08-02,345590
2015-08-03,384897
2015-08-04,392530
2015-08-05,392192
2015-08-06,371867
2015-08-07,356699
2015-08-08,353231
2015-08-09,353268
2015-08-10,392886
2015-08-11,391749
2015-08-12,370064
2015-08-13,364557
2015-08-14,378977
2015-08-15,364691
2015-08-16,362714
2015-08-17,402355
2015-08-18,398633
2015-08-19,410362
2015-08-20,394882
2015-08-21,359074
2015-08-22,330142
2015-08-23,328571
2015-08-24,370844
2015-08-25,348724
2015-08-26,329619
2015-08-27,334668
2015-08-28,347186
2015-08-29,331258
2015-08-30,338585
2015-08-31,387307
2015-09-01,406763
2015-09-02,414231
2015-09-03,412810
2015-09-04,403829
2015-09-05,350778
2015-09-06,347250
2015-09-07,359493
2015-09-08,404758
2015-09-09,402493
2015-09-10,374197
2015-09-11,356744
2015-09-12,306768
2015-09-13,275791
2015-09-14,311434
2015-09-15,333968
2015-09-16,345534
2015-09-17,354459
2015-09-18,358433
2015-09-19,331117
2015-09-20,294973
2015-09-21,322323
2015-09-22,333442
2015-09-23,337794
2015-09-24,344228
2015-09-25,334775
2015-09-26,301121
2015-09-27,289126
2015-09-28,337989
2015-09-29,354658
2015-09-30,330595
2015-10-01,312162
2015-10-02,309229
2015-10-03,296242
2015-10-04,276247
2015-10-05,309678
2015-10-06,323697
2015-10-07,323399
2015-10-08,324579
2015-10-09,326595
2015-10-10,288418
2015-10-11,275275
2015-10-12,311076
2015-10-13,319152
2015-10-14,312593
2015-10-15,321183
2015-10-16,315946
2015-10-17,304933
2015-10-18,305725
2015-10-19,340440
2015-10-20,334752
2015-10-21,323726
2015-10-22,320192
2015-10-23,316589
2015-10-24,287783
2015-10-25,272900
2015-10-26,310881
2015-10-27,329706
2015-10-28,330436
2015-10-29,318767
2015-10-30,330305
2015-10-31,313228
2015-11-01,291625
2015-11-02,311506
2015-11-03,321366
2015-11-04,317031
2015-11-05,321323
2015-11-06,319565
2015-11-07,292186
2015-11-08,294414
2015-11-09,340427
2015-11-10,332068
2015-11-11,329696
2015-11-12,327526
2015-11-13,331552
2015-11-14,320650
2015-11-15,308262
2015-11-16,334830
2015-11-17,331548
2015-11-18,323407
2015-11-19,318451
2015-11-20,340656
2015-11-21,337953
2015-11-22,326996
2015-11-23,378426
2015-11-24,372377
2015-11-25,332792
2015-11-26,288829
2015-11-27,277001
2015-11-28,288379
2015-11-29,295662
2015-11-30,342923
2015-12-01,349388
2015-12-02,347331
2015-12-03,369402
2015-12-04,384914
2015-12-05,362890
2015-12-06,347924
2015-12-07,364702
2015-12-08,363606
2015-12-09,369596
2015-12-10,351788
2015-12-11,338665
2015-12-12,302213
2015-12-13,289054
2015-12-14,323881
2015-12-15,341128
2015-12-16,350496
2015-12-17,347076
2015-12-18,378625
2015-12-19,380909
2015-12-20,367257
2015-12-21,366196
2015-12-22,336612
2015-12-23,326191
2015-12-24,285052
2015-12-25,266619
2015-12-26,276271
2015-12-27,284758
2015-12-28,332060
2015-12-29,335675
2015-12-30,337399
2015-12-31,334674
2016-01-01,334366
2016-01-02,347904
2016-01-03,349015
2016-01-04,390515
2016-01-05,430178
2016-01-06,427867
2016-01-07,403532
2016-01-08,387286
2016-01-09,336119
2016-01-10,332907
2016-01-11,433846
2016-01-12,434896
2016-01-13,458525
2016-01-14,415513
2016-01-15,387592
2016-01-16,357927
2016-01-17,373070
2016-01-18,460513
2016-01-19,490956
2016-01-20,482832
2016-01-21,447709
2016-01-22,451598
2016-01-23,424412
2016-01-24,401951
2016-01-25,414383
2016-01-26,392116
2016-01-27,395743
2016-01-28,418001
2016-01-29,396365
2016-01-30,372187
2016-01-31,323424
2016-02-01,338951
2016-02-02,364485
2016-02-03,342173
2016-02-04,371662
2016-02-05,397060
2016-02-06,371660
2016-02-07,354057
2016-02-08,379194
2016-02-09,422624
2016-02-10,456309
2016-02-11,463446
2016-02-12,454072
2016-02-13,420313
2016-02-14,433075
2016-02-15,425737
2016-02-16,404567
2016-02-17,397844
2016-02-18,395360
2016-02-19,383020
2016-02-20,315092
2016-02-21,298370
2016-02-22,345286
2016-02-23,361663
2016-02-24,360713
2016-02-25,385406
2016-02-26,403719
2016-02-27,361398
2016-02-28,324140
2016-02-29,327245
2016-03-01,354122
2016-03-02,377640
2016-03-03,410240
2016-03-04,398186
2016-03-05,362171
2016-03-06,333570
2016-03-07,355253
2016-03-08,332780
2016-03-09,322335
2016-03-10,322851
2016-03-11,319030
2016-03-12,294476
2016-03-13,270093
2016-03-14,315426
2016-03-15,320124
2016-03-16,316732
2016-03-17,322799
2016-03-18,324823
2016-03-19,311079
2016-03-20,319674
2016-03-21,353805
2016-03-22,348847
2016-03-23,318845
2016-03-24,318340
2016-03-25,305069
2016-03-26,295756
2016-03-27,270832
2016-03-28,301223
2016-03-29,329475
2016-03-30,333004
2016-03-31,317887
2016-04-01,309605
2016-04-02,296594
2016-04-03,315717
2016-04-04,323470
2016-04-05,352032
2016-04-06,355406
2016-04-07,336693
2016-04-08,351636
2016-04-09,344951
2016-04-10,340589
2016-04-11,325413
2016-04-12,325556
2016-04-13,333734
2016-04-14,329135
2016-04-15,317744
2016-04-16,284215
2016-04-17,273748
2016-04-18,313206
2016-04-19,321629
2016-04-20,317161
2016-04-21,315706
2016-04-22,310576
2016-04-23,278201
2016-04-24,270752
2016-04-25,305990
2016-04-26,325756
2016-04-27,317719
2016-04-28,320708
2016-04-29,314495
2016-04-30,285867
2016-05-01,277110
2016-05-02,307996
2016-05-03,312188
2016-05-04,310625
2016-05-05,319840
2016-05-06,315133
2016-05-07,282617
2016-05-08,267230
2016-05-09,304251
2016-05-10,318916
2016-05-11,319732
2016-05-12,327612
2016-05-13,316658
2016-05-14,283707
2016-05-15,278712
2016-05-16,312422
2016-05-17,312334
2016-05-18,313278
2016-05-19,312989
2016-05-20,307896
2016-05-21,284869
2016-05-22,268873
2016-05-23,306822
2016-05-24,326535
2016-05-25,336801
2016-05-26,354489
2016-05-27,361781
2016-05-28,342677
2016-05-29,317509
2016-05-30,314428
2016-05-31,362475
2016-06-01,377581
2016-06-02,378900
2016-06-03,370696
2016-06-04,342047
2016-06-05,313393
2016-06-06,344116
2016-06-07,348658
2016-06-08,319277
2016-06-09,322562
2016-06-10,344169
2016-06-11,367338
2016-06-12,365532
2016-06-13,350957
2016-06-14,363723
2016-06-15,385058
2016-06-16,394680
2016-06-17,367804
2016-06-18,340509
2016-06-19,334067
2016-06-20,388111
2016-06-21,400216
2016-06-22,363221
2016-06-23,372873
2016-06-24,367344
2016-06-25,349879
2016-06-26,361465
2016-06-27,402727
2016-06-28,390696
2016-06-29,354935
2016-06-30,349971
2016-07-01,350659
2016-07-02,312324
2016-07-03,287847
2016-07-04,283888
2016-07-05,344700
2016-07-06,387271
2016-07-07,394884
2016-07-08,395193
2016-07-09,356667
2016-07-10,332582
2016-07-11,384972
2016-07-12,415633
2016-07-13,419296
2016-07-14,412626
2016-07-15,399695
2016-07-16,355421
2016-07-17,344435
2016-07-18,405979
2016-07-19,415105
2016-07-20,409303
2016-07-21,414552
2016-07-22,416248
2016-07-23,408355
2016-07-24,408861
2016-07-25,440361
2016-07-26,433533
2016-07-27,420958
2016-07-28,416543
2016-07-29,397672
2016-07-30,370685
2016-07-31,364180
2016-08-01,403223
2016-08-02,413707
2016-08-03,417511
2016-08-04,421403
2016-08-05,424733
2016-08-06,395584
2016-08-07,357313
2016-08-08,384606
2016-08-09,410098
2016-08-10,429731
2016-08-11,446764
2016-08-12,457431
2016-08-13,425651
2016-08-14,380030
2016-08-15,394552
2016-08-16,407602
2016-08-17,401794
2016-08-18,399720
2016-08-19,405452
2016-08-20,374658
2016-08-21,346167
2016-08-22,351881
2016-08-23,361458
2016-08-24,371217
2016-08-25,418478
2016-08-26,435745
2016-08-27,404057
2016-08-28,388277
2016-08-29,413442
2016-08-30,416625
2016-08-31,411314
2016-09-01,381615
2016-09-02,346835
2016-09-03,308759
2016-09-04,304331
2016-09-05,320294
2016-09-06,390397
2016-09-07,427197
2016-09-08,435401
2016-09-09,416644
2016-09-10,387364
2016-09-11,331591
2016-09-12,341623
2016-09-13,363990
2016-09-14,368103
2016-09-15,352559
2016-09-16,355426
2016-09-17,350218
2016-09-18,330105
2016-09-19,364022
2016-09-20,374562
2016-09-21,372942
2016-09-22,376574
2016-09-23,385578
2016-09-24,349237
2016-09-25,316782
2016-09-26,338638
2016-09-27,324335
2016-09-28,320746
2016-09-29,319144
2016-09-30,317296
2016-10-01,287221
2016-10-02,269292
2016-10-03,303862
2016-10-04,318680
2016-10-05,324740
2016-10-06,330795
2016-10-07,330050
2016-10-08,293782
2016-10-09,269508
2016-10-10,305893
2016-10-11,316042
2016-10-12,316264
2016-10-13,312195
2016-10-14,308302
2016-10-15,284524
2016-10-16,275168
2016-10-17,320600
2016-10-18,336986
2016-10-19,338937
2016-10-20,330640
2016-10-21,315542
2016-10-22,291196
2016-10-23,284453
2016-10-24,301591
2016-10-25,319915
2016-10-26,324492
2016-10-27,320162
2016-10-28,317210
2016-10-29,295043
2016-10-30,276306
2016-10-31,306011
2016-11-01,317238
2016-11-02,319296
2016-11-03,316700
2016-11-04,310155
2016-11-05,297597
2016-11-06,299611
2016-11-07,316117
2016-11-08,323616
2016-11-09,322796
2016-11-10,341303
2016-11-11,330608
2016-11-12,317909
2016-11-13,318669
2016-11-14,345852
2016-11-15,348451
2016-11-16,336869
2016-11-17,336499
2016-11-18,325793
2016-11-19,314269
2016-11-20,341567
2016-11-21,372569
2016-11-22,384490
2016-11-23,373742
2016-11-24,306659
2016-11-25,289274
2016-11-26,310548
2016-11-27,322338
2016-11-28,353465
2016-11-29,335447
2016-11-30,328840
2016-12-01,350127
2016-12-02,372626
2016-12-03,350380
2016-12-04,340451
2016-12-05,359313
2016-12-06,375183
2016-12-07,373020
2016-12-08,395299
2016-12-09,426996
2016-12-10,409840
2016-12-11,384120
2016-12-12,376559
2016-12-13,395230
2016-12-14,405115
2016-12-15,449781
2016-12-16,479420
2016-12-17,398027
2016-12-18,347844
2016-12-19,418940
2016-12-20,437203
2016-12-21,417178
2016-12-22,384051
2016-12-23,378981
2016-12-24,328954
2016-12-25,295708
2016-12-26,290982
2016-12-27,313376
2016-12-28,355109
2016-12-29,354024
2016-12-30,371790
2016-12-31,369628
2017-01-01,317841
2017-01-02,319724
2017-01-03,342497
2017-01-04,362388
2017-01-05,429410
2017-01-06,446101
2017-01-07,448814
2017-01-08,453192
2017-01-09,474504
2017-01-10,429290
2017-01-11,380187
2017-01-12,347730
2017-01-13,359521
2017-01-14,357519
2017-01-15,339242
2017-01-16,362002
2017-01-17,355205
2017-01-18,350114
2017-01-19,365987
2017-01-20,354796
2017-01-21,314947
2017-01-22,293618
2017-01-23,334863
2017-01-24,362671
2017-01-25,361068
2017-01-26,361593
2017-01-27,399484
2017-01-28,383323
2017-01-29,357186
2017-01-30,404885
2017-01-31,403168
2017-02-01,370778
2017-02-02,381755
2017-02-03,409029
2017-02-04,408056
2017-02-05,355980
2017-02-06,363345
2017-02-07,339125
2017-02-08,337189
2017-02-09,390270
2017-02-10,431497
2017-02-11,344764
2017-02-12,293554
2017-02-13,353342
2017-02-14,375771
2017-02-15,368768
2017-02-16,392644
2017-02-17,370143
2017-02-18,313032
2017-02-19,290594
2017-02-20,330280
2017-02-21,330530
2017-02-22,325143
2017-02-23,324477
2017-02-24,317636
2017-02-25,300866
2017-02-26,331977
2017-02-27,357740
2017-02-28,354741
2017-03-01,324005
2017-03-02,353796
2017-03-03,382172
2017-03-04,372103
2017-03-05,340830
2017-03-06,343053
2017-03-07,337040
2017-03-08,337590
2017-03-09,339229
2017-03-10,347978
2017-03-11,367348
2017-03-12,340370
2017-03-13,384180
2017-03-14,401067
2017-03-15,443017
2017-03-16,419322
2017-03-17,405798
2017-03-18,348559
2017-03-19,326022
2017-03-20,362140
2017-03-21,340980
2017-03-22,347459
2017-03-23,372285
2017-03-24,335740
2017-03-25,285947
2017-03-26,276365
2017-03-27,308844
2017-03-28,319415
2017-03-29,322326
2017-03-30,325165
2017-03-31,322296
2017-04-01,305571
2017-04-02,291829
2017-04-03,312446
2017-04-04,319849
2017-04-05,320302
2017-04-06,325089
2017-04-07,359486
2017-04-08,319266
2017-04-09,285125
2017-04-10,307184
2017-04-11,316217
2017-04-12,313785
2017-04-13,312428
2017-04-14,296689
2017-04-15,278785
2017-04-16,274627
2017-04-17,303920
2017-04-18,314189
2017-04-19,316370
2017-04-20,328559
2017-04-21,320031
2017-04-22,290293
2017-04-23,278174
2017-04-24,309909
2017-04-25,316743
2017-04-26,322412
2017-04-27,325739
2017-04-28,313451
2017-04-29,300715
2017-04-30,297218
2017-05-01,322217
2017-05-02,305742
2017-05-03,303835
2017-05-04,308311
2017-05-05,313821
2017-05-06,290256
2017-05-07,276675
2017-05-08,313000
2017-05-09,320594
2017-05-10,317671
2017-05-11,323483
2017-05-12,311067
2017-05-13,286617
2017-05-14,271264
2017-05-15,311586
2017-05-16,334498
2017-05-17,364700
2017-05-18,372764
2017-05-19,361262
2017-05-20,313818
2017-05-21,293744
2017-05-22,313731
2017-05-23,318410
2017-05-24,317970
2017-05-25,316677
2017-05-26,313551
2017-05-27,296879
2017-05-28,291742
2017-05-29,294530
2017-05-30,329617
2017-05-31,334210
2017-06-01,331791
2017-06-02,334516
2017-06-03,317717
2017-06-04,319875
2017-06-05,351696
2017-06-06,333429
2017-06-07,317330
2017-06-08,319272
2017-06-09,328962
2017-06-10,328113
2017-06-11,339380
2017-06-12,393113
2017-06-13,413539
2017-06-14,391475
2017-06-15,395051
2017-06-16,394457
2017-06-17,376156
2017-06-18,367546
2017-06-19,370905
2017-06-20,348809
2017-06-21,363391
2017-06-22,389985
2017-06-23,384760
2017-06-24,335732
2017-06-25,306355
2017-06-26,320903
2017-06-27,326393
2017-06-28,329701
2017-06-29,364324
2017-06-30,394504
2017-07-01,359285
2017-07-02,345220
2017-07-03,358435
2017-07-04,348336
2017-07-05,364699
2017-07-06,380554
2017-07-07,376412
2017-07-08,333984
2017-07-09,318952
2017-07-10,359058
2017-07-11,387486
2017-07-12,402426
2017-07-13,413812
2017-07-14,405696
2017-07-15,361666
2017-07-16,343984
2017-07-17,388292
2017-07-18,410753
2017-07-19,424551
2017-07-20,431916
2017-07-21,428172
2017-07-22,396775
2017-07-23,375530
2017-07-24,389528
2017-07-25,374826
2017-07-26,373857
2017-07-27,388086
2017-07-28,378866
2017-07-29,331345
2017-07-30,318325
2017-07-31,372785
2017-08-01,389750
2017-08-02,390473
2017-08-03,391788
2017-08-04,379067
2017-08-05,314896
2017-08-06,298033
2017-08-07,333156
2017-08-08,349891
2017-08-09,355876
2017-08-10,360907
2017-08-11,370950
2017-08-12,342806
2017-08-13,324107
2017-08-14,361768
2017-08-15,391066
2017-08-16,404285
2017-08-17,419814
2017-08-18,411162
2017-08-19,364223
2017-08-20,351758
2017-08-21,408371
2017-08-22,414759
2017-08-23,377746
2017-08-24,349764
2017-08-25,335045
2017-08-26,310043
2017-08-27,301949
2017-08-28,340644
2017-08-29,348417
2017-08-30,353470
2017-08-31,357339
2017-09-01,329098
2017-09-02,282671
2017-09-03,277664
2017-09-04,296261
2017-09-05,342568
2017-09-06,319346
2017-09-07,314058
2017-09-08,313770
2017-09-09,289492
2017-09-10,274269
2017-09-11,306556
2017-09-12,320586
2017-09-13,328561
2017-09-14,329710
2017-09-15,333157
2017-09-16,319774
2017-09-17,313974
2017-09-18,352029
2017-09-19,357592
2017-09-20,366148
2017-09-21,383761
2017-09-22,391258
2017-09-23,361595
2017-09-24,342568
2017-09-25,378450
2017-09-26,388183
2017-09-27,386938
2017-09-28,353353
2017-09-29,322431
2017-09-30,286752
2017-10-01,271376
2017-10-02,307483
2017-10-03,326961
2017-10-04,340025
2017-10-05,338535
2017-10-06,331175
2017-10-07,313693
2017-10-08,305503
2017-10-09,342293
2017-10-10,351961
2017-10-11,349140
2017-10-12,325803
2017-10-13,319562
2017-10-14,300452
2017-10-15,295943
2017-10-16,309111
2017-10-17,322409
2017-10-18,325851
2017-10-19,319708
2017-10-20,317237
2017-10-21,292197
2017-10-22,277851
2017-10-23,308574
2017-10-24,312704
2017-10-25,321782
2017-10-26,333601
2017-10-27,327398
2017-10-28,304341
2017-10-29,310279
2017-10-30,353966
2017-10-31,351625
2017-11-01,348067
2017-11-02,330092
2017-11-03,318638
2017-11-04,300466
2017-11-05,295736
2017-11-06,310808
2017-11-07,332922
2017-11-08,348768
2017-11-09,352441
2017-11-10,362455
2017-11-11,369501
2017-11-12,339938
2017-11-13,352925
2017-11-14,362056
2017-11-15,374514
2017-11-16,356535
2017-11-17,360067
2017-11-18,332273
2017-11-19,320717
2017-11-20,372784
2017-11-21,373196
2017-11-22,352395
2017-11-23,348816
2017-11-24,327104
2017-11-25,310830
2017-11-26,319898
2017-11-27,364582
2017-11-28,361390
2017-11-29,350822
2017-11-30,352868
2017-12-01,349750
2017-12-02,343625
2017-12-03,326099
2017-12-04,360228
2017-12-05,350066
2017-12-06,377750
2017-12-07,396048
2017-12-08,413418
2017-12-09,397996
2017-12-10,381167
2017-12-11,396719
2017-12-12,405223
2017-12-13,441714
2017-12-14,411167
2017-12-15,425403
2017-12-16,386295
2017-12-17,366579
2017-12-18,372152
2017-12-19,361739
2017-12-20,358319
2017-12-21,383137
2017-12-22,357371
2017-12-23,326716
2017-12-24,331355
2017-12-25,353222
2017-12-26,392091
2017-12-27,430363
2017-12-28,466196
2017-12-29,440679
2017-12-30,413459
2017-12-31,437783
2018-01-01,460418
2018-01-02,498209
2018-01-03,504233
2018-01-04,482416
2018-01-05,509447
2018-01-06,501588
2018-01-07,488547
2018-01-08,440816
2018-01-09,405151
2018-01-10,391016
2018-01-11,360330
2018-01-12,353676
2018-01-13,410376
2018-01-14,440541
2018-01-15,465362
2018-01-16,452646
2018-01-17,481949
2018-01-18,489917
2018-01-19,445434
2018-01-20,380180
2018-01-21,336380
2018-01-22,345894
2018-01-23,352249
2018-01-24,391089
2018-01-25,405313
2018-01-26,399524
2018-01-27,354508
2018-01-28,323591
2018-01-29,374247
2018-01-30,424097
2018-01-31,433127
2018-02-01,390103
2018-02-02,432880
2018-02-03,440590
2018-02-04,381872
2018-02-05,415894
2018-02-06,426839
2018-02-07,415218
2018-02-08,424017
2018-02-09,416071
2018-02-10,361345
2018-02-11,338257
2018-02-12,372595
2018-02-13,400808
2018-02-14,377097
2018-02-15,339548
2018-02-16,337840
2018-02-17,363218
2018-02-18,340469
2018-02-19,349661
2018-02-20,327007
2018-02-21,321362
2018-02-22,344394
2018-02-23,333185
2018-02-24,304616
2018-02-25,294155
2018-02-26,332624
2018-02-27,357578
2018-02-28,339132
2018-03-01,339121
2018-03-02,365552
2018-03-03,354428
2018-03-04,339911
2018-03-05,368061
2018-03-06,362274
2018-03-07,375381
2018-03-08,400316
2018-03-09,405232
2018-03-10,362734
2018-03-11,328383
2018-03-12,379090
2018-03-13,398142
2018-03-14,409952
2018-03-15,395746
2018-03-16,373687
2018-03-17,355713
2018-03-18,318910
2018-03-19,340455
2018-03-20,360725
2018-03-21,394200
2018-03-22,394021
2018-03-23,380197
2018-03-24,365697
2018-03-25,346855
2018-03-26,358740
2018-03-27,355846
2018-03-28,339678
2018-03-29,330136
2018-03-30,319047
2018-03-31,318750
2018-04-01,292801
2018-04-02,332104
2018-04-03,342493
2018-04-04,335331
2018-04-05,367661
2018-04-06,345131
2018-04-07,339833
2018-04-08,343436
2018-04-09,365120
2018-04-10,366310
2018-04-11,346256
2018-04-12,326718
2018-04-13,314225
2018-04-14,296358
2018-04-15,292590
2018-04-16,339736
2018-04-17,385514
2018-04-18,352432
2018-04-19,338131
2018-04-20,349441
2018-04-21,314232
2018-04-22,286903
2018-04-23,308587
2018-04-24,289786
2018-04-25,310009
2018-04-26,317035
2018-04-27,313270
2018-04-28,294729
2018-04-29,292185
2018-04-30,318931
2018-05-01,315179
2018-05-02,320778
2018-05-03,340865
2018-05-04,336481
2018-05-05,292633
2018-05-06,277990
2018-05-07,306812
2018-05-08,316064
2018-05-09,325245
2018-05-10,337122
2018-05-11,327450
2018-05-12,312464
2018-05-13,303239
2018-05-14,350546
2018-05-15,368761
2018-05-16,338464
2018-05-17,344308
2018-05-18,335924
2018-05-19,312965
2018-05-20,311019
2018-05-21,348370
2018-05-22,357708
2018-05-23,348281
2018-05-24,348464
2018-05-25,361476
2018-05-26,343556
2018-05-27,334518
2018-05-28,357063
2018-05-29,396468
2018-05-30,410699
2018-05-31,399023
2018-06-01,385111
2018-06-02,345850
2018-06-03,332502
2018-06-04,339290
2018-06-05,333573
2018-06-06,324373
2018-06-07,335029
2018-06-08,364070
2018-06-09,345352
2018-06-10,334391
2018-06-11,348925
2018-06-12,350018
2018-06-13,370316
2018-06-14,370485
2018-06-15,373386
2018-06-16,365523
2018-06-17,381442
2018-06-18,436145
2018-06-19,445829
2018-06-20,409324
2018-06-21,382398
2018-06-22,367250
2018-06-23,341071
2018-06-24,341075
2018-06-25,365335
2018-06-26,364603
2018-06-27,363244
2018-06-28,385467
2018-06-29,408897
2018-06-30,404301
2018-07-01,402530
2018-07-02,422262
2018-07-03,417664
2018-07-04,414323
2018-07-05,420430
2018-07-06,392962
2018-07-07,329344
2018-07-08,323899
2018-07-09,380335
2018-07-10,420011
2018-07-11,406436
2018-07-12,391380
2018-07-13,401657
2018-07-14,398599
2018-07-15,392842
2018-07-16,413613
2018-07-17,419224
2018-07-18,384797
2018-07-19,377299
2018-07-20,380670
2018-07-21,333553
2018-07-22,323527
2018-07-23,359231
2018-07-24,380007
2018-07-25,393452
2018-07-26,393948
2018-07-27,387510
2018-07-28,345439
2018-07-29,326291
2018-07-30,362481
2018-07-31,367135
2018-08-01,363979
2018-08-02,371807
